transaction_id,customer_id,amount,merchant_category,hour,country_risk,device_mismatch,velocity_24h,round_amount,rapid_in_out,fraud_label
T000000,C00588,361.61,electronics,14,standard,False,1,False,False,False
T000001,C00143,82.48,electronics,19,standard,False,1,False,False,False
T000002,C00362,105.58,utilities,10,standard,False,1,False,False,False
T000003,C00020,257.27,utilities,6,standard,False,4,False,False,False
T000004,C00423,182.49,travel,11,standard,False,1,False,False,False
T000005,C00501,139.33,travel,9,standard,False,1,False,False,False
T000006,C00433,48.57,crypto,9,standard,False,5,False,False,False
T000007,C00230,24.03,cash,15,standard,False,0,False,False,False
T000008,C00667,111.47,utilities,16,standard,False,0,False,False,False
T000009,C00335,41.97,travel,1,standard,False,1,False,False,False
T000010,C00009,183.09,crypto,22,standard,False,2,False,False,False
T000011,C00493,92.98,electronics,16,standard,False,3,False,False,False
T000012,C00504,32.47,cash,15,standard,False,2,False,False,False
T000013,C00268,98.94,electronics,5,standard,False,3,False,False,False
T000014,C00023,160.79,groceries,19,standard,True,3,False,False,False
T000015,C00445,89.59,crypto,13,standard,False,1,False,False,False
T000016,C00199,31.16,groceries,9,high,False,1,False,False,False
T000017,C00384,98.35,cash,4,standard,False,0,False,True,False
T000018,C00381,109.15,utilities,0,standard,False,3,False,False,False
T000019,C00238,182.49,crypto,12,standard,False,1,False,False,False
T000020,C00420,163.08,electronics,5,standard,False,2,False,False,False
T000021,C00447,27.14,cash,2,standard,False,1,False,False,False
T000022,C00711,42.63,travel,2,standard,True,4,False,False,True
T000023,C00398,143.49,crypto,17,standard,False,3,False,False,False
T000024,C00216,11.39,travel,14,standard,True,1,False,False,False
T000025,C00248,173.29,crypto,12,standard,False,0,False,False,False
T000026,C00743,29.27,crypto,5,standard,False,1,False,False,False
T000027,C00262,46.34,electronics,11,standard,False,4,False,False,False
T000028,C00587,360.57,crypto,19,high,False,0,False,False,False
T000029,C00370,68.65,travel,10,standard,False,3,False,False,False
T000030,C00747,52.88,utilities,18,high,False,3,False,False,False
T000031,C00632,100.44,cash,22,standard,False,0,False,False,False
T000032,C00730,66.46,travel,21,standard,False,1,False,False,False
T000033,C00383,37.02,cash,1,standard,False,1,False,False,False
T000034,C00345,97.01,electronics,23,high,False,1,False,False,False
T000035,C00197,773.18,travel,0,standard,False,2,False,False,False
T000036,C00345,202.67,utilities,21,standard,False,4,False,False,False
T000037,C00654,119.31,electronics,16,standard,False,0,False,False,False
T000038,C00067,97.81,electronics,10,standard,False,1,False,False,False
T000039,C00027,177.25,cash,22,standard,False,1,False,False,False
T000040,C00292,146.42,cash,5,standard,False,0,False,False,False
T000041,C00005,28.72,travel,0,high,False,2,False,False,False
T000042,C00316,128.74,cash,7,standard,False,2,False,False,False
T000043,C00134,78.06,travel,8,standard,False,2,False,False,False
T000044,C00383,486.6,crypto,1,standard,False,3,False,False,False
T000045,C00714,58.43,travel,9,standard,False,1,False,False,False
T000046,C00268,292.05,travel,21,standard,True,2,False,False,False
T000047,C00329,20.67,travel,13,standard,False,3,False,True,False
T000048,C00345,103.98,travel,7,standard,False,2,False,False,False
T000049,C00579,33.7,electronics,5,standard,False,0,False,False,False
T000050,C00430,28.08,travel,16,standard,False,3,False,False,False
T000051,C00330,174.84,travel,13,standard,False,1,False,True,False
T000052,C00117,24.99,cash,9,standard,False,4,False,False,False
T000053,C00642,63.31,crypto,20,standard,False,3,False,False,False
T000054,C00632,34.05,travel,8,standard,True,2,False,False,False
T000055,C00169,113.92,travel,9,high,False,2,False,False,False
T000056,C00560,100.02,electronics,19,standard,False,2,False,False,False
T000057,C00106,6.81,utilities,3,standard,False,2,False,False,True
T000058,C00041,159.4,electronics,14,standard,False,1,False,False,False
T000059,C00725,37.7,travel,17,standard,False,2,False,False,False
T000060,C00334,670.88,travel,3,standard,False,0,False,False,False
T000061,C00331,194.94,travel,9,standard,False,1,False,False,False
T000062,C00736,211.1,groceries,11,standard,False,2,False,False,False
T000063,C00247,5.54,cash,10,standard,False,3,False,False,False
T000064,C00523,507.29,utilities,3,standard,False,3,False,False,False
T000065,C00373,79.34,utilities,9,standard,False,4,False,False,False
T000066,C00374,17.63,crypto,19,high,False,3,False,True,False
T000067,C00081,106.21,groceries,15,standard,False,1,False,False,False
T000068,C00625,307.53,cash,17,standard,False,3,False,False,True
T000069,C00596,13.51,groceries,4,standard,False,2,False,False,False
T000070,C00572,238.91,groceries,6,high,False,2,False,False,False
T000071,C00703,53.32,electronics,13,standard,False,1,False,False,False
T000072,C00333,41.09,crypto,6,standard,False,0,False,False,False
T000073,C00503,47.99,utilities,4,standard,True,5,False,False,False
T000074,C00461,31.04,crypto,12,standard,False,2,False,False,False
T000075,C00026,93.81,cash,19,standard,False,4,False,False,False
T000076,C00209,98.88,electronics,15,standard,False,2,False,True,False
T000077,C00468,231.56,groceries,19,high,False,3,False,False,False
T000078,C00312,340.44,utilities,18,standard,False,0,False,False,False
T000079,C00707,53.42,crypto,11,standard,False,4,False,False,False
T000080,C00270,240.15,electronics,14,standard,False,2,False,False,False
T000081,C00392,21.62,utilities,5,standard,True,2,False,True,False
T000082,C00409,149.47,electronics,16,standard,False,2,False,False,False
T000083,C00058,23.17,utilities,22,standard,True,2,False,False,True
T000084,C00717,41.15,groceries,14,standard,False,1,False,False,False
T000085,C00626,144.05,utilities,9,standard,True,1,False,False,False
T000086,C00721,34.06,cash,5,standard,False,0,False,False,False
T000087,C00175,127.19,travel,20,standard,False,1,False,False,False
T000088,C00201,15.76,utilities,15,high,False,3,False,False,False
T000089,C00284,35.04,groceries,5,standard,False,1,False,False,False
T000090,C00155,132.74,groceries,19,standard,False,1,False,True,False
T000091,C00624,373.72,crypto,7,standard,False,2,False,False,False
T000092,C00364,21.69,travel,15,standard,False,2,False,False,False
T000093,C00646,403.7,travel,9,high,False,1,False,False,False
T000094,C00332,98.99,travel,10,standard,False,2,False,False,False
T000095,C00051,839.26,electronics,6,standard,False,3,False,False,False
T000096,C00590,53.95,electronics,7,standard,False,2,False,False,False
T000097,C00554,43.42,cash,10,standard,False,2,False,False,False
T000098,C00529,105.46,cash,19,standard,False,2,False,False,False
T000099,C00718,23.48,travel,22,standard,True,1,False,False,True
T000100,C00502,85.22,utilities,0,standard,False,2,False,False,False
T000101,C00281,69.54,electronics,3,standard,False,0,False,False,False
T000102,C00464,306.57,utilities,10,standard,False,5,False,False,False
T000103,C00596,107.23,travel,9,standard,False,1,False,False,False
T000104,C00731,19.49,groceries,11,standard,False,1,False,False,False
T000105,C00714,18.33,groceries,5,standard,False,2,False,False,False
T000106,C00488,26.71,travel,4,standard,False,3,False,False,False
T000107,C00388,8.21,electronics,7,standard,False,1,False,False,False
T000108,C00233,7.48,electronics,7,standard,True,7,False,False,True
T000109,C00035,714.36,travel,6,standard,False,2,False,False,False
T000110,C00128,30.49,electronics,15,standard,False,4,False,False,False
T000111,C00208,295.34,groceries,7,standard,False,3,False,False,False
T000112,C00648,33.57,utilities,20,standard,False,2,False,False,False
T000113,C00364,48.13,crypto,4,standard,False,0,False,False,False
T000114,C00690,11.9,cash,5,standard,False,2,False,False,False
T000115,C00360,289.1,travel,23,standard,False,2,False,False,False
T000116,C00605,48.81,utilities,13,standard,True,1,False,False,False
T000117,C00246,447.13,utilities,12,standard,False,2,False,False,False
T000118,C00723,35.01,travel,20,standard,False,4,False,False,False
T000119,C00348,297.08,electronics,12,standard,False,1,False,False,False
T000120,C00342,369.55,electronics,21,standard,False,1,False,False,False
T000121,C00124,14.77,crypto,17,standard,False,0,False,False,False
T000122,C00114,121.59,groceries,9,standard,False,2,False,False,False
T000123,C00708,24.5,utilities,17,standard,False,1,False,False,False
T000124,C00220,21.4,electronics,3,standard,False,0,False,False,False
T000125,C00492,84.52,utilities,11,standard,False,1,False,False,False
T000126,C00357,178.21,cash,23,standard,False,4,False,False,False
T000127,C00333,318.68,travel,15,standard,False,1,False,False,False
T000128,C00539,51.27,groceries,7,standard,False,4,False,False,False
T000129,C00373,216.23,crypto,1,standard,False,1,False,True,True
T000130,C00190,135.93,groceries,0,high,False,5,False,False,False
T000131,C00334,73.09,cash,3,standard,True,4,False,False,False
T000132,C00177,26.56,utilities,12,standard,False,3,False,False,False
T000133,C00514,77.13,utilities,19,standard,False,0,False,False,False
T000134,C00652,3326.55,electronics,8,high,False,2,False,False,False
T000135,C00500,26.81,electronics,0,high,False,6,False,False,False
T000136,C00259,61.23,travel,20,standard,False,5,False,False,False
T000137,C00413,27.95,travel,10,standard,True,2,False,False,False
T000138,C00238,326.81,electronics,17,standard,False,2,False,False,False
T000139,C00077,521.08,groceries,10,standard,False,1,False,False,False
T000140,C00503,314.56,travel,4,standard,False,1,False,False,False
T000141,C00433,631.2,crypto,13,standard,False,2,False,False,False
T000142,C00516,67.53,crypto,4,standard,False,1,False,False,False
T000143,C00184,452.71,cash,16,standard,False,1,False,False,False
T000144,C00264,29.92,crypto,23,standard,True,1,False,False,False
T000145,C00468,396.54,utilities,11,standard,False,3,False,False,False
T000146,C00522,369.46,crypto,4,standard,False,5,False,False,False
T000147,C00593,37.11,utilities,18,standard,False,2,False,True,False
T000148,C00497,204.18,crypto,23,standard,False,2,False,False,False
T000149,C00621,22.58,travel,1,standard,False,1,False,False,False
T000150,C00414,15.86,utilities,8,standard,False,2,False,False,False
T000151,C00308,16.02,utilities,23,standard,False,0,False,False,False
T000152,C00400,21.88,travel,21,standard,False,1,False,False,False
T000153,C00537,20.98,groceries,10,standard,False,3,False,False,False
T000154,C00592,64.36,crypto,16,standard,False,2,False,False,False
T000155,C00685,485.67,travel,14,standard,True,3,False,False,False
T000156,C00065,54.9,utilities,8,standard,True,2,False,False,False
T000157,C00016,28.67,travel,21,standard,False,3,False,False,False
T000158,C00009,152.23,groceries,22,high,False,1,False,False,False
T000159,C00266,55.18,travel,19,standard,False,2,False,False,False
T000160,C00495,79.86,travel,12,standard,False,0,False,False,False
T000161,C00501,111.33,electronics,22,high,False,2,False,False,False
T000162,C00509,116.37,electronics,10,high,False,4,False,False,False
T000163,C00634,34.07,cash,9,standard,False,2,False,False,False
T000164,C00644,55.08,cash,18,standard,False,2,False,False,False
T000165,C00046,200.15,travel,7,standard,False,1,False,False,False
T000166,C00118,47.79,electronics,2,high,False,1,False,False,False
T000167,C00622,55.38,cash,15,standard,False,3,False,False,False
T000168,C00299,100.79,cash,16,standard,False,3,False,False,False
T000169,C00161,114.35,electronics,11,standard,False,2,False,False,False
T000170,C00659,50.93,cash,1,high,False,2,False,False,False
T000171,C00529,133.45,cash,8,standard,False,2,False,False,False
T000172,C00068,71.56,cash,17,standard,True,3,False,False,True
T000173,C00060,17.12,groceries,7,standard,False,2,False,False,False
T000174,C00213,146.83,groceries,5,high,True,1,False,False,True
T000175,C00584,27.77,utilities,11,standard,False,0,False,False,False
T000176,C00300,2085.26,utilities,8,standard,False,0,False,False,False
T000177,C00087,99.28,utilities,22,standard,False,2,False,False,False
T000178,C00292,53.08,travel,5,standard,False,4,False,False,False
T000179,C00710,184.14,travel,22,standard,False,2,False,True,False
T000180,C00699,361.73,utilities,17,standard,False,0,False,False,False
T000181,C00413,382.59,crypto,1,standard,False,2,False,True,False
T000182,C00395,101.31,travel,22,standard,False,5,False,False,False
T000183,C00070,235.51,utilities,1,standard,False,2,False,False,False
T000184,C00643,157.66,crypto,20,high,False,2,False,False,False
T000185,C00030,80.38,crypto,13,high,False,2,False,False,False
T000186,C00064,13.82,utilities,13,standard,False,3,False,False,False
T000187,C00555,74.72,travel,22,standard,False,3,False,False,True
T000188,C00463,4.33,electronics,20,standard,False,3,False,False,False
T000189,C00553,27.52,travel,6,standard,False,3,False,False,False
T000190,C00065,325.87,groceries,15,standard,False,1,False,False,False
T000191,C00151,88.76,utilities,2,standard,False,4,False,False,False
T000192,C00615,69.55,cash,17,standard,False,1,False,False,False
T000193,C00096,27.93,travel,5,standard,True,2,False,False,False
T000194,C00353,28.49,groceries,10,standard,False,1,False,False,True
T000195,C00682,34.33,electronics,21,standard,False,3,False,False,False
T000196,C00213,15.78,travel,15,standard,False,3,False,False,False
T000197,C00171,5.99,crypto,22,standard,False,5,False,False,False
T000198,C00372,226.25,travel,8,standard,False,0,False,False,False
T000199,C00115,448.58,crypto,22,standard,True,2,False,False,False
T000200,C00217,36.07,groceries,11,high,False,4,False,False,False
T000201,C00158,169.08,utilities,21,standard,False,1,False,True,False
T000202,C00026,18.74,cash,2,standard,False,3,False,False,False
T000203,C00563,106.82,utilities,7,standard,False,2,False,False,False
T000204,C00671,15.83,utilities,20,standard,False,1,False,False,False
T000205,C00322,197.57,groceries,0,standard,True,1,False,False,False
T000206,C00520,76.96,cash,22,standard,False,2,False,False,False
T000207,C00277,17.85,electronics,8,high,True,3,False,False,True
T000208,C00556,132.66,cash,13,standard,False,3,False,False,False
T000209,C00053,445.94,utilities,14,standard,False,1,False,False,False
T000210,C00198,72.98,groceries,1,standard,False,2,False,False,False
T000211,C00276,69.32,crypto,15,standard,False,4,False,False,False
T000212,C00704,73.38,travel,16,standard,False,2,False,False,False
T000213,C00143,83.22,crypto,1,standard,False,2,False,False,False
T000214,C00241,286.75,crypto,8,standard,False,2,False,False,False
T000215,C00368,300.03,travel,16,standard,False,2,False,True,False
T000216,C00481,7.12,cash,10,standard,False,1,False,False,False
T000217,C00342,273.84,electronics,23,standard,False,4,False,False,False
T000218,C00079,57.93,travel,10,standard,False,2,False,False,False
T000219,C00736,453.51,utilities,4,standard,False,1,False,False,False
T000220,C00609,120.28,cash,0,high,False,2,False,False,False
T000221,C00585,209.01,groceries,0,high,False,2,False,False,False
T000222,C00462,41.14,cash,15,standard,True,1,False,False,True
T000223,C00380,16.59,electronics,1,standard,False,8,False,False,False
T000224,C00635,94.35,utilities,18,standard,False,4,False,False,False
T000225,C00462,209.37,groceries,22,standard,False,3,False,False,False
T000226,C00413,162.86,electronics,10,high,False,1,False,False,False
T000227,C00266,171.44,cash,18,standard,False,1,False,False,False
T000228,C00582,92.85,utilities,9,high,False,0,False,False,False
T000229,C00164,159.74,crypto,5,standard,False,3,False,False,False
T000230,C00181,29.17,groceries,3,standard,False,3,False,False,False
T000231,C00197,61.77,utilities,2,standard,False,2,False,False,False
T000232,C00694,13.02,electronics,14,standard,False,2,False,False,False
T000233,C00299,68.11,cash,0,standard,False,2,False,False,False
T000234,C00578,51.36,crypto,13,standard,False,3,False,False,False
T000235,C00175,76.65,electronics,7,standard,False,5,False,False,False
T000236,C00298,227.95,cash,23,standard,True,1,False,False,True
T000237,C00000,77.48,groceries,14,standard,False,0,False,False,False
T000238,C00224,2.95,travel,16,standard,False,4,False,False,False
T000239,C00068,327.09,electronics,23,high,False,4,False,True,False
T000240,C00593,85.53,crypto,19,standard,False,3,False,False,False
T000241,C00181,170.03,travel,18,standard,False,3,False,False,False
T000242,C00368,30.2,travel,15,standard,False,2,False,False,False
T000243,C00326,179.77,groceries,2,standard,False,2,False,False,False
T000244,C00508,391.4,groceries,5,standard,False,1,False,False,False
T000245,C00234,12.16,groceries,21,standard,False,3,False,False,False
T000246,C00298,279.96,travel,10,standard,False,2,False,False,False
T000247,C00184,25.78,travel,22,standard,False,2,False,False,False
T000248,C00158,30.93,utilities,12,standard,False,4,False,False,False
T000249,C00581,72.37,travel,18,standard,False,3,False,False,False
T000250,C00094,720.16,travel,7,standard,False,3,False,False,False
T000251,C00250,9.85,electronics,1,standard,False,3,False,False,False
T000252,C00451,35.72,electronics,14,standard,False,1,False,True,False
T000253,C00469,75.64,electronics,15,standard,False,1,False,False,False
T000254,C00438,148.15,crypto,7,standard,False,1,False,False,False
T000255,C00018,63.73,crypto,19,standard,False,1,False,True,False
T000256,C00383,115.98,cash,1,standard,False,2,False,False,False
T000257,C00409,23.07,utilities,2,standard,False,0,False,False,False
T000258,C00535,169.4,electronics,2,high,False,1,False,True,False
T000259,C00625,231.16,utilities,15,standard,False,3,False,False,False
T000260,C00012,21.42,cash,16,standard,False,3,False,False,False
T000261,C00605,30.3,crypto,17,high,False,1,False,False,False
T000262,C00456,112.02,travel,2,standard,False,1,False,False,False
T000263,C00123,104.43,utilities,1,standard,False,1,False,False,False
T000264,C00279,129.74,utilities,18,standard,False,4,False,False,False
T000265,C00608,18.78,crypto,5,high,False,3,False,False,False
T000266,C00277,46.9,cash,22,standard,True,1,False,False,False
T000267,C00177,42.12,electronics,16,standard,True,1,False,True,False
T000268,C00251,324.77,crypto,0,standard,False,2,False,False,False
T000269,C00258,65.31,crypto,22,standard,False,0,False,False,False
T000270,C00680,41.49,utilities,12,standard,False,2,False,False,False
T000271,C00518,26.6,crypto,9,standard,False,1,False,False,False
T000272,C00160,72.58,crypto,18,standard,False,1,False,False,False
T000273,C00142,271.56,cash,5,standard,False,3,False,False,False
T000274,C00284,13.0,crypto,18,standard,False,3,False,False,False
T000275,C00227,82.42,travel,5,standard,False,1,False,False,False
T000276,C00441,127.54,cash,19,standard,False,1,False,False,False
T000277,C00004,658.04,utilities,12,high,False,2,False,False,False
T000278,C00349,154.29,crypto,16,standard,False,2,False,False,False
T000279,C00267,325.39,utilities,15,high,False,0,False,False,False
T000280,C00575,76.25,cash,11,standard,False,4,False,False,False
T000281,C00543,15.55,electronics,23,standard,False,1,False,False,False
T000282,C00697,14.99,cash,19,standard,False,1,False,False,True
T000283,C00107,32.68,crypto,1,standard,True,0,False,False,False
T000284,C00736,84.28,groceries,5,high,False,4,False,False,False
T000285,C00240,52.72,groceries,16,standard,False,1,False,False,False
T000286,C00513,43.18,groceries,3,standard,True,6,False,False,False
T000287,C00402,539.31,travel,0,standard,False,2,False,False,False
T000288,C00590,5.09,cash,16,standard,True,2,False,False,False
T000289,C00647,22.63,electronics,4,standard,False,2,False,False,False
T000290,C00318,1030.29,utilities,11,standard,True,2,False,False,False
T000291,C00165,102.01,cash,1,standard,False,2,False,False,False
T000292,C00629,34.41,cash,12,standard,False,2,False,False,False
T000293,C00602,20.83,electronics,18,standard,False,1,False,False,False
T000294,C00010,176.99,groceries,18,standard,False,1,False,False,False
T000295,C00724,157.33,crypto,2,standard,False,3,False,False,False
T000296,C00746,178.05,cash,4,high,False,2,False,False,False
T000297,C00219,17.18,cash,14,standard,False,3,False,False,False
T000298,C00719,84.09,utilities,15,standard,False,3,False,False,False
T000299,C00459,56.68,crypto,4,standard,False,0,False,True,False
T000300,C00248,118.36,groceries,20,standard,False,2,False,False,False
T000301,C00105,12.04,crypto,7,standard,False,0,False,False,False
T000302,C00292,140.04,electronics,3,standard,False,1,False,False,False
T000303,C00568,397.91,electronics,18,standard,False,0,False,False,False
T000304,C00247,15.82,travel,1,standard,False,2,False,False,False
T000305,C00595,191.4,groceries,18,high,False,1,False,False,False
T000306,C00575,465.3,travel,18,standard,False,4,False,False,False
T000307,C00374,194.29,crypto,5,standard,True,6,False,False,True
T000308,C00595,68.92,electronics,3,standard,False,1,False,False,False
T000309,C00003,84.12,crypto,23,standard,True,3,False,False,True
T000310,C00720,40.4,travel,20,standard,False,3,False,False,False
T000311,C00468,93.17,groceries,16,standard,False,1,False,False,False
T000312,C00464,22.95,crypto,14,high,False,0,False,False,False
T000313,C00286,77.57,groceries,0,standard,False,2,False,True,False
T000314,C00430,28.68,groceries,19,standard,False,3,False,False,False
T000315,C00734,14.55,crypto,22,standard,False,2,False,True,False
T000316,C00067,387.96,electronics,14,standard,False,2,False,False,False
T000317,C00404,9.3,groceries,19,standard,False,2,False,True,False
T000318,C00524,534.31,crypto,5,standard,False,2,False,False,False
T000319,C00019,6.48,crypto,23,standard,False,0,False,False,False
T000320,C00145,207.84,cash,19,standard,False,1,False,False,False
T000321,C00206,90.41,crypto,6,standard,False,1,False,False,False
T000322,C00308,12.11,crypto,19,standard,False,2,False,False,False
T000323,C00068,41.69,travel,15,standard,False,1,False,False,False
T000324,C00292,23.57,travel,22,standard,False,3,False,False,False
T000325,C00530,25.39,travel,9,high,False,1,False,False,False
T000326,C00588,195.94,travel,13,standard,False,0,False,False,False
T000327,C00031,19.79,cash,4,standard,True,4,False,False,False
T000328,C00658,8.6,crypto,0,standard,False,3,False,False,False
T000329,C00514,254.38,cash,17,standard,False,1,False,False,False
T000330,C00662,113.36,utilities,3,high,False,3,False,False,False
T000331,C00180,73.6,crypto,3,high,False,0,False,False,False
T000332,C00248,53.54,cash,21,standard,False,2,False,False,False
T000333,C00206,159.57,cash,11,standard,False,2,False,False,False
T000334,C00182,111.17,travel,15,standard,False,2,False,False,False
T000335,C00736,64.66,crypto,22,standard,False,1,False,False,False
T000336,C00589,38.02,electronics,14,standard,False,3,False,False,False
T000337,C00344,244.45,electronics,22,standard,False,3,False,False,False
T000338,C00712,372.4,groceries,14,standard,False,2,False,False,False
T000339,C00553,124.27,travel,15,standard,False,2,False,False,False
T000340,C00261,2078.48,groceries,0,standard,False,2,False,False,False
T000341,C00310,94.84,cash,6,standard,False,2,False,False,False
T000342,C00115,90.66,cash,9,standard,False,2,False,False,False
T000343,C00527,401.74,electronics,8,high,False,3,False,False,False
T000344,C00428,102.47,cash,22,standard,False,0,False,False,False
T000345,C00478,98.78,cash,5,standard,True,0,False,False,False
T000346,C00383,49.53,groceries,14,high,False,1,False,False,False
T000347,C00076,126.0,cash,12,standard,False,1,False,False,False
T000348,C00103,11.27,electronics,18,high,False,1,False,False,False
T000349,C00551,32.66,cash,1,standard,False,2,False,False,False
T000350,C00402,22.07,travel,15,standard,False,2,False,False,False
T000351,C00219,6.42,groceries,12,standard,False,3,False,False,False
T000352,C00575,249.35,electronics,10,standard,False,1,False,False,False
T000353,C00284,50.93,crypto,11,standard,False,1,False,False,False
T000354,C00401,27.56,electronics,12,standard,False,3,False,False,False
T000355,C00529,112.61,groceries,13,standard,False,2,False,True,False
T000356,C00406,18.34,cash,12,high,False,1,False,False,False
T000357,C00715,201.0,groceries,23,standard,False,3,False,False,False
T000358,C00423,355.43,utilities,3,standard,False,3,False,False,False
T000359,C00571,14.91,crypto,16,standard,True,3,False,False,True
T000360,C00606,277.99,electronics,7,standard,False,3,False,False,False
T000361,C00568,92.72,travel,5,standard,False,0,False,False,False
T000362,C00466,261.94,utilities,7,standard,False,1,False,False,False
T000363,C00711,92.12,cash,6,standard,False,3,False,False,False
T000364,C00727,28.72,groceries,23,standard,False,3,False,False,True
T000365,C00118,12.41,crypto,14,standard,False,2,False,False,False
T000366,C00440,21.32,cash,20,standard,False,3,False,True,False
T000367,C00735,42.13,groceries,11,standard,True,2,False,False,True
T000368,C00051,239.81,utilities,3,standard,False,1,False,False,False
T000369,C00715,150.24,travel,5,standard,True,2,False,False,False
T000370,C00356,103.57,utilities,4,standard,False,1,False,False,False
T000371,C00494,380.55,electronics,1,high,False,4,False,False,False
T000372,C00341,9.46,crypto,20,standard,False,5,False,False,False
T000373,C00255,19.9,electronics,17,standard,False,1,False,False,False
T000374,C00427,20.6,electronics,3,standard,False,2,False,False,False
T000375,C00243,79.76,groceries,20,standard,False,3,False,False,False
T000376,C00388,11.52,utilities,14,standard,False,2,False,False,False
T000377,C00690,38.52,cash,0,standard,False,3,False,False,False
T000378,C00668,340.43,groceries,11,standard,False,0,False,False,False
T000379,C00105,225.94,utilities,23,high,False,0,False,False,False
T000380,C00061,417.23,groceries,8,standard,False,2,False,False,False
T000381,C00320,39.4,crypto,5,standard,True,2,False,False,False
T000382,C00120,23.49,utilities,3,standard,False,0,False,False,False
T000383,C00022,100.29,travel,15,standard,False,2,False,False,False
T000384,C00673,26.5,travel,9,standard,False,3,False,False,False
T000385,C00517,67.26,groceries,13,standard,False,2,False,False,False
T000386,C00289,63.95,travel,23,standard,True,2,False,False,False
T000387,C00719,135.14,crypto,0,standard,False,3,False,False,False
T000388,C00045,370.84,electronics,5,standard,True,3,False,False,False
T000389,C00497,350.38,crypto,4,standard,False,1,False,False,False
T000390,C00648,212.1,cash,19,standard,False,3,False,False,False
T000391,C00356,59.38,travel,11,standard,False,1,False,False,False
T000392,C00112,156.19,crypto,9,standard,True,2,False,True,True
T000393,C00182,48.94,crypto,9,standard,False,1,False,False,False
T000394,C00358,27.03,utilities,14,standard,False,0,False,False,False
T000395,C00603,13.68,travel,21,standard,False,5,False,False,False
T000396,C00518,39.46,crypto,7,standard,False,5,False,False,False
T000397,C00187,131.2,groceries,21,high,False,4,False,False,False
T000398,C00015,161.22,cash,17,standard,False,2,False,False,False
T000399,C00569,78.75,electronics,23,standard,False,0,False,False,False
T000400,C00006,143.88,travel,21,standard,False,4,False,False,False
T000401,C00446,40.07,travel,19,standard,False,2,False,False,False
T000402,C00280,483.27,crypto,15,standard,False,1,False,False,False
T000403,C00670,89.27,groceries,23,standard,True,4,False,False,False
T000404,C00544,52.85,groceries,0,high,False,1,False,False,False
T000405,C00343,158.71,groceries,17,standard,False,3,False,False,False
T000406,C00209,63.72,utilities,1,standard,False,5,False,False,False
T000407,C00369,110.23,groceries,23,high,False,4,False,False,False
T000408,C00012,397.21,cash,3,standard,False,1,False,False,False
T000409,C00619,30.91,electronics,2,standard,False,2,False,False,False
T000410,C00464,55.93,crypto,12,standard,False,1,False,False,False
T000411,C00555,62.59,groceries,17,standard,False,1,False,False,False
T000412,C00071,80.77,crypto,5,standard,False,4,False,False,False
T000413,C00473,636.2,crypto,17,standard,False,4,False,False,False
T000414,C00134,212.21,groceries,0,standard,False,2,False,False,False
T000415,C00515,332.35,cash,11,standard,False,4,False,True,False
T000416,C00330,4.5,utilities,18,standard,False,2,False,False,False
T000417,C00609,136.41,travel,0,standard,False,4,False,False,False
T000418,C00281,107.12,travel,6,standard,False,0,False,False,False
T000419,C00453,143.79,travel,8,standard,False,3,False,False,False
T000420,C00438,80.75,travel,20,standard,False,1,False,False,False
T000421,C00236,37.77,cash,23,standard,False,4,False,False,False
T000422,C00262,174.77,travel,19,high,False,1,False,False,False
T000423,C00496,63.61,crypto,20,standard,False,2,False,False,False
T000424,C00567,78.62,groceries,11,standard,False,2,False,False,False
T000425,C00671,40.65,cash,20,standard,False,2,False,False,False
T000426,C00106,62.94,cash,11,standard,False,2,False,False,False
T000427,C00033,142.2,cash,8,standard,False,1,False,False,False
T000428,C00436,195.74,travel,2,standard,False,0,False,False,False
T000429,C00545,75.89,crypto,11,standard,True,4,False,False,False
T000430,C00541,86.64,electronics,4,standard,False,4,False,False,False
T000431,C00398,62.96,travel,1,standard,True,0,False,False,False
T000432,C00002,211.98,crypto,13,high,False,1,False,False,False
T000433,C00421,48.56,cash,0,standard,False,1,False,False,False
T000434,C00029,56.78,electronics,18,standard,False,3,False,False,False
T000435,C00673,88.51,crypto,13,high,False,2,False,False,False
T000436,C00441,48.78,electronics,14,standard,False,2,False,False,False
T000437,C00619,108.72,utilities,20,standard,False,3,False,False,False
T000438,C00558,488.49,cash,19,standard,False,4,False,False,False
T000439,C00579,77.88,electronics,21,standard,True,4,False,False,False
T000440,C00055,403.96,cash,9,standard,False,2,False,False,False
T000441,C00130,222.43,travel,17,standard,False,3,False,False,False
T000442,C00493,97.05,groceries,1,high,False,2,False,False,False
T000443,C00405,171.85,utilities,4,standard,False,3,False,False,False
T000444,C00118,396.45,groceries,4,standard,False,2,False,False,False
T000445,C00353,31.14,electronics,9,standard,False,0,False,False,False
T000446,C00741,175.12,groceries,4,standard,False,4,False,False,False
T000447,C00222,317.92,crypto,21,standard,False,1,False,False,False
T000448,C00233,35.28,utilities,6,standard,False,1,False,False,False
T000449,C00125,356.67,electronics,11,standard,False,2,False,False,False
T000450,C00664,167.36,cash,17,standard,False,1,False,False,False
T000451,C00146,32.77,travel,3,high,True,2,False,False,False
T000452,C00571,133.88,cash,8,standard,False,1,False,False,False
T000453,C00490,16.66,utilities,0,standard,False,4,False,False,False
T000454,C00333,20.6,travel,5,standard,False,1,False,False,False
T000455,C00035,14.96,cash,8,standard,False,0,False,False,False
T000456,C00341,105.67,cash,8,standard,False,3,False,False,False
T000457,C00387,51.89,utilities,1,standard,False,1,False,False,False
T000458,C00539,33.76,utilities,4,standard,True,5,False,False,False
T000459,C00684,43.39,electronics,10,standard,False,2,False,False,False
T000460,C00255,70.57,travel,12,standard,False,3,False,False,False
T000461,C00743,53.37,electronics,10,standard,False,1,False,False,False
T000462,C00142,44.32,travel,2,standard,False,1,False,False,False
T000463,C00712,91.85,groceries,4,standard,False,4,False,False,False
T000464,C00518,26.73,crypto,22,standard,True,0,False,True,False
T000465,C00203,42.13,crypto,15,high,False,0,False,False,False
T000466,C00082,277.17,groceries,11,standard,False,4,False,False,False
T000467,C00301,112.76,crypto,3,standard,True,0,False,False,True
T000468,C00651,10.35,electronics,14,standard,False,2,False,True,False
T000469,C00020,427.17,utilities,3,standard,False,1,False,False,False
T000470,C00678,29.75,travel,8,standard,True,4,False,False,False
T000471,C00000,478.73,electronics,4,standard,False,3,False,False,False
T000472,C00437,85.52,crypto,1,standard,False,2,False,False,False
T000473,C00662,223.94,utilities,3,standard,False,6,False,False,False
T000474,C00197,10.73,utilities,11,standard,True,4,False,False,True
T000475,C00433,32.26,crypto,9,standard,True,5,False,False,False
T000476,C00608,37.09,cash,15,standard,False,3,False,False,False
T000477,C00210,40.46,electronics,0,standard,False,0,False,False,False
T000478,C00055,31.59,groceries,7,standard,False,3,False,False,False
T000479,C00746,37.27,groceries,15,standard,False,4,False,False,False
T000480,C00509,65.36,crypto,12,high,False,3,False,False,False
T000481,C00643,37.95,crypto,11,high,True,4,False,False,False
T000482,C00014,63.21,utilities,13,standard,False,0,False,False,False
T000483,C00063,107.28,electronics,23,standard,False,1,False,True,False
T000484,C00331,10.51,crypto,16,standard,False,4,False,False,False
T000485,C00646,57.14,groceries,5,standard,False,1,False,False,False
T000486,C00642,25.39,electronics,9,high,True,3,False,False,False
T000487,C00254,66.4,travel,16,standard,False,3,False,False,False
T000488,C00346,144.65,crypto,9,standard,False,0,False,False,False
T000489,C00673,15.83,cash,22,standard,False,1,False,False,False
T000490,C00448,48.24,travel,23,standard,False,1,False,False,False
T000491,C00074,203.26,electronics,2,standard,False,6,False,False,False
T000492,C00595,233.79,utilities,15,standard,False,2,False,False,False
T000493,C00039,41.35,travel,7,standard,False,5,False,False,False
T000494,C00552,197.45,cash,4,standard,False,0,False,False,False
T000495,C00574,102.32,utilities,3,standard,False,4,False,False,False
T000496,C00455,78.58,groceries,12,standard,False,0,False,False,False
T000497,C00193,42.56,crypto,2,standard,False,3,False,False,False
T000498,C00300,99.74,utilities,12,standard,False,4,False,False,False
T000499,C00656,156.01,travel,12,standard,False,2,False,False,False
T000500,C00612,35.65,groceries,3,standard,False,6,False,True,False
T000501,C00285,123.76,electronics,14,standard,False,1,False,False,False
T000502,C00210,20.83,utilities,20,standard,False,4,False,False,False
T000503,C00285,20.22,cash,8,high,False,8,False,False,True
T000504,C00206,134.98,groceries,21,standard,False,3,False,False,False
T000505,C00471,58.03,groceries,12,high,False,1,False,False,False
T000506,C00199,30.37,travel,15,standard,False,3,False,False,False
T000507,C00508,108.18,groceries,19,standard,False,3,False,False,False
T000508,C00455,160.68,cash,20,standard,False,1,False,False,False
T000509,C00673,78.01,cash,11,standard,False,1,False,False,False
T000510,C00082,370.67,utilities,1,standard,True,2,False,False,True
T000511,C00380,34.84,electronics,9,standard,False,2,False,False,False
T000512,C00414,36.16,travel,18,standard,False,4,False,False,False
T000513,C00639,202.83,electronics,1,standard,False,3,False,False,False
T000514,C00667,24.6,electronics,20,standard,False,1,False,False,False
T000515,C00469,161.45,cash,16,standard,False,2,False,False,False
T000516,C00407,12.66,electronics,6,standard,True,2,False,False,False
T000517,C00212,24.9,travel,11,standard,False,2,False,False,False
T000518,C00132,61.0,cash,16,standard,False,4,False,False,False
T000519,C00702,47.32,crypto,15,standard,False,4,False,False,False
T000520,C00313,392.39,travel,16,high,False,3,False,False,False
T000521,C00061,25.94,electronics,7,standard,False,2,False,False,False
T000522,C00687,71.23,travel,0,standard,False,1,False,False,False
T000523,C00421,87.59,cash,10,high,False,2,False,True,False
T000524,C00313,65.72,groceries,6,standard,False,1,False,False,False
T000525,C00056,255.63,electronics,16,standard,False,1,False,False,False
T000526,C00225,39.63,utilities,15,standard,False,5,False,False,False
T000527,C00690,41.97,electronics,3,standard,False,1,False,False,False
T000528,C00389,25.11,crypto,18,standard,False,1,False,False,False
T000529,C00471,192.84,cash,18,standard,False,1,False,False,False
T000530,C00086,98.24,utilities,22,standard,False,1,False,False,False
T000531,C00304,99.89,travel,10,standard,False,5,False,False,False
T000532,C00452,93.39,travel,0,standard,False,1,False,False,False
T000533,C00179,21.99,utilities,12,standard,False,2,False,False,False
T000534,C00345,127.5,cash,9,standard,False,4,False,True,False
T000535,C00636,104.93,groceries,11,high,False,3,False,False,False
T000536,C00342,353.31,cash,6,standard,False,3,False,False,False
T000537,C00026,117.69,groceries,18,standard,False,2,False,False,False
T000538,C00179,31.59,groceries,8,standard,False,3,False,False,False
T000539,C00569,53.28,cash,10,standard,False,2,False,False,False
T000540,C00099,526.0,cash,6,high,False,0,False,False,False
T000541,C00510,20.16,electronics,7,high,False,1,False,False,False
T000542,C00672,16.96,travel,15,standard,False,1,False,True,False
T000543,C00462,96.52,electronics,19,standard,True,3,False,False,False
T000544,C00198,358.34,utilities,15,standard,False,1,False,False,False
T000545,C00388,80.61,crypto,10,standard,False,0,False,False,False
T000546,C00309,20.9,electronics,9,high,False,1,False,False,False
T000547,C00744,806.95,electronics,5,standard,False,1,False,False,False
T000548,C00101,32.59,electronics,13,standard,False,3,False,True,False
T000549,C00392,182.55,travel,1,standard,False,2,False,False,False
T000550,C00010,359.2,cash,19,standard,False,1,False,True,False
T000551,C00172,82.85,travel,10,standard,False,2,False,False,False
T000552,C00053,144.14,cash,20,standard,False,1,False,False,False
T000553,C00351,372.95,groceries,17,standard,False,2,False,False,False
T000554,C00356,18.52,electronics,1,standard,False,1,False,False,False
T000555,C00291,175.81,groceries,11,standard,False,3,False,False,False
T000556,C00008,270.39,utilities,8,standard,True,0,False,False,False
T000557,C00351,293.42,crypto,11,standard,False,2,False,False,False
T000558,C00308,47.58,groceries,22,high,False,3,False,False,False
T000559,C00267,122.45,electronics,5,standard,False,3,False,False,False
T000560,C00645,40.08,cash,9,standard,False,2,False,False,False
T000561,C00259,38.99,cash,3,standard,False,0,False,True,False
T000562,C00492,27.11,travel,1,standard,False,2,False,False,False
T000563,C00410,147.86,electronics,6,standard,True,2,False,False,False
T000564,C00704,92.62,travel,19,standard,False,2,False,False,False
T000565,C00607,256.86,utilities,20,standard,False,0,False,True,False
T000566,C00370,5.63,utilities,3,standard,False,4,False,False,True
T000567,C00135,28.42,electronics,1,standard,False,3,False,False,False
T000568,C00230,106.99,crypto,9,standard,False,0,False,False,False
T000569,C00118,494.28,electronics,9,standard,False,1,False,False,False
T000570,C00124,34.53,groceries,18,standard,False,4,False,True,False
T000571,C00530,11.01,electronics,19,high,False,1,False,False,False
T000572,C00057,40.06,travel,10,standard,False,3,False,False,False
T000573,C00487,69.75,utilities,2,standard,False,1,False,False,False
T000574,C00679,184.59,crypto,10,standard,False,1,False,False,False
T000575,C00599,260.79,utilities,8,standard,False,3,False,False,False
T000576,C00595,166.37,electronics,6,standard,False,1,False,False,False
T000577,C00489,69.26,crypto,22,standard,False,4,False,False,False
T000578,C00153,747.62,utilities,23,standard,False,1,False,False,False
T000579,C00401,36.34,electronics,1,standard,False,2,False,False,False
T000580,C00604,77.04,cash,11,standard,False,4,False,False,False
T000581,C00654,146.87,electronics,9,standard,False,2,False,False,False
T000582,C00710,44.29,cash,20,standard,False,4,False,False,False
T000583,C00376,60.39,cash,17,standard,False,2,False,True,False
T000584,C00096,155.76,travel,3,standard,False,0,False,False,False
T000585,C00729,29.12,electronics,12,standard,True,1,False,False,False
T000586,C00541,63.49,cash,6,standard,False,3,False,False,False
T000587,C00425,65.82,electronics,16,standard,False,2,False,False,False
T000588,C00045,917.1,cash,21,standard,False,2,False,False,False
T000589,C00233,191.4,cash,20,standard,False,0,False,False,False
T000590,C00102,37.45,crypto,7,standard,False,0,False,False,False
T000591,C00628,179.34,electronics,11,standard,False,3,False,True,False
T000592,C00519,25.3,groceries,0,standard,False,5,False,False,False
T000593,C00693,126.23,electronics,21,high,False,2,False,True,False
T000594,C00234,13.47,crypto,22,standard,True,1,False,False,False
T000595,C00743,176.45,cash,6,standard,True,3,False,True,True
T000596,C00640,67.41,groceries,13,standard,False,6,False,False,False
T000597,C00367,19.1,travel,12,standard,False,1,False,False,False
T000598,C00175,126.83,travel,8,standard,False,0,False,False,False
T000599,C00609,201.49,electronics,6,standard,False,2,False,False,False
T000600,C00243,123.1,cash,14,standard,False,2,False,True,False
T000601,C00223,97.89,crypto,15,standard,False,2,False,False,False
T000602,C00095,19.63,cash,20,standard,False,1,False,False,False
T000603,C00640,193.94,electronics,4,standard,False,1,False,False,False
T000604,C00347,7.79,groceries,23,standard,False,2,False,False,False
T000605,C00675,43.76,groceries,11,high,False,5,False,False,False
T000606,C00176,682.99,groceries,8,standard,False,1,False,False,True
T000607,C00252,18.12,electronics,13,high,False,3,False,False,False
T000608,C00427,11.82,electronics,12,standard,True,3,False,False,False
T000609,C00299,29.57,groceries,22,standard,False,2,False,False,False
T000610,C00282,120.33,crypto,2,standard,True,3,False,False,False
T000611,C00084,73.1,groceries,2,standard,True,2,False,False,False
T000612,C00124,233.65,utilities,20,high,False,2,False,False,False
T000613,C00227,83.94,electronics,13,high,True,3,False,False,False
T000614,C00429,25.68,crypto,3,standard,True,1,False,False,True
T000615,C00070,215.4,utilities,7,standard,True,2,False,True,False
T000616,C00316,43.22,electronics,4,standard,True,2,False,False,False
T000617,C00527,162.82,travel,17,standard,False,2,False,False,False
T000618,C00083,354.24,crypto,9,standard,False,0,False,False,False
T000619,C00127,137.12,travel,4,standard,False,1,False,False,False
T000620,C00368,322.43,crypto,20,standard,False,1,False,False,False
T000621,C00597,21.66,crypto,5,standard,False,2,False,False,False
T000622,C00656,50.67,electronics,21,standard,False,1,False,False,False
T000623,C00326,97.7,groceries,13,standard,False,0,False,False,False
T000624,C00747,22.66,groceries,23,standard,False,4,False,True,False
T000625,C00448,335.64,utilities,22,standard,True,2,False,False,True
T000626,C00570,303.95,travel,3,standard,False,4,False,False,False
T000627,C00342,134.34,groceries,21,standard,False,3,False,False,False
T000628,C00530,154.54,cash,23,standard,False,1,False,False,False
T000629,C00643,70.74,cash,16,standard,False,4,False,False,False
T000630,C00177,25.94,travel,17,standard,False,3,False,False,False
T000631,C00206,41.97,travel,23,high,False,2,False,False,False
T000632,C00189,62.01,electronics,11,standard,False,1,False,False,False
T000633,C00663,104.46,utilities,1,standard,False,2,False,False,False
T000634,C00127,70.67,utilities,9,standard,False,4,False,True,False
T000635,C00136,110.34,groceries,5,standard,False,1,False,False,False
T000636,C00027,19.77,travel,13,standard,False,3,False,True,False
T000637,C00141,36.42,crypto,11,standard,False,6,False,False,False
T000638,C00282,98.18,cash,8,standard,False,1,False,False,False
T000639,C00400,230.23,electronics,21,standard,False,0,False,False,False
T000640,C00001,14.26,groceries,1,high,False,2,False,False,False
T000641,C00331,117.37,electronics,2,standard,False,2,False,False,False
T000642,C00391,179.86,travel,6,standard,False,2,False,False,False
T000643,C00141,76.64,cash,3,standard,False,1,False,True,False
T000644,C00460,89.62,groceries,9,standard,False,5,False,False,False
T000645,C00683,53.41,travel,21,standard,False,1,False,False,False
T000646,C00357,78.84,cash,1,standard,True,0,False,False,False
T000647,C00646,55.06,travel,22,standard,False,1,False,False,False
T000648,C00279,16.35,electronics,18,standard,False,5,False,False,False
T000649,C00005,351.56,electronics,9,standard,False,6,False,True,False
T000650,C00238,115.93,electronics,2,standard,False,2,False,False,False
T000651,C00502,46.98,cash,1,standard,False,4,False,False,False
T000652,C00351,341.02,utilities,4,standard,False,4,False,False,False
T000653,C00007,61.37,cash,0,standard,False,1,False,False,False
T000654,C00509,163.95,crypto,5,standard,True,3,False,False,False
T000655,C00399,13.8,groceries,18,standard,False,4,False,True,False
T000656,C00346,43.5,travel,19,standard,False,3,False,False,False
T000657,C00738,262.69,travel,3,standard,True,2,False,False,True
T000658,C00343,399.43,electronics,20,high,False,3,False,False,False
T000659,C00426,619.82,cash,13,standard,False,0,False,False,False
T000660,C00022,384.0,crypto,0,standard,False,2,False,False,False
T000661,C00489,572.98,utilities,21,standard,False,1,False,False,False
T000662,C00273,39.75,groceries,11,standard,False,0,False,False,False
T000663,C00434,18.39,crypto,13,high,True,0,False,False,False
T000664,C00191,6.26,groceries,3,standard,False,3,False,False,False
T000665,C00657,93.11,travel,7,standard,False,0,False,False,True
T000666,C00303,64.2,utilities,19,standard,False,1,False,False,False
T000667,C00035,434.07,groceries,8,standard,False,1,False,False,False
T000668,C00734,65.21,groceries,14,standard,False,3,False,False,False
T000669,C00587,484.83,groceries,3,standard,False,2,False,False,False
T000670,C00704,15.28,cash,20,standard,False,2,False,False,False
T000671,C00289,565.88,groceries,6,standard,True,1,False,False,False
T000672,C00249,77.62,cash,12,standard,False,2,False,True,False
T000673,C00249,370.92,groceries,14,high,False,1,False,False,False
T000674,C00595,245.56,cash,2,standard,False,3,False,False,False
T000675,C00531,32.95,groceries,20,standard,True,3,False,False,False
T000676,C00593,225.19,cash,14,standard,False,0,False,False,False
T000677,C00278,43.93,groceries,17,standard,False,2,False,False,False
T000678,C00520,223.77,travel,5,standard,False,3,False,False,False
T000679,C00542,161.22,groceries,2,standard,False,2,False,True,False
T000680,C00130,135.01,groceries,11,standard,False,2,False,False,False
T000681,C00415,71.57,utilities,1,standard,False,2,False,False,False
T000682,C00179,65.45,electronics,3,standard,False,4,False,False,False
T000683,C00738,91.43,crypto,23,standard,False,1,False,False,False
T000684,C00699,6.23,crypto,11,standard,True,5,False,False,True
T000685,C00150,248.66,cash,10,standard,False,5,False,False,False
T000686,C00508,78.53,crypto,2,standard,False,5,False,False,False
T000687,C00720,108.36,cash,2,standard,False,2,False,False,True
T000688,C00363,31.03,travel,3,standard,False,1,False,False,False
T000689,C00155,118.94,utilities,2,standard,False,1,False,False,False
T000690,C00526,51.46,electronics,3,standard,False,0,False,False,False
T000691,C00183,480.75,electronics,14,standard,False,0,False,False,False
T000692,C00371,18.31,travel,3,standard,False,0,False,False,False
T000693,C00554,332.28,crypto,2,standard,False,2,False,False,False
T000694,C00450,35.48,crypto,13,high,False,1,False,False,False
T000695,C00057,126.49,utilities,12,high,False,1,False,False,False
T000696,C00690,64.24,crypto,22,standard,False,1,False,False,False
T000697,C00390,29.37,cash,2,high,False,5,False,False,False
T000698,C00235,8.91,utilities,2,standard,False,4,False,False,False
T000699,C00292,190.15,cash,23,standard,False,0,False,False,False
T000700,C00493,12.84,crypto,16,standard,False,1,False,False,False
T000701,C00008,50.59,travel,19,standard,False,2,False,False,False
T000702,C00645,352.5,utilities,17,standard,False,1,False,False,False
T000703,C00179,364.0,crypto,20,standard,False,0,False,False,False
T000704,C00505,115.15,crypto,15,standard,False,3,False,False,False
T000705,C00321,14.18,cash,21,standard,False,2,False,False,False
T000706,C00368,72.46,electronics,11,standard,False,0,False,False,False
T000707,C00598,90.27,cash,9,standard,False,2,False,False,False
T000708,C00118,34.5,utilities,3,standard,False,0,False,False,False
T000709,C00723,361.64,groceries,4,high,False,3,False,False,False
T000710,C00000,107.71,utilities,12,standard,True,3,False,False,True
T000711,C00413,117.39,groceries,19,standard,False,2,False,False,False
T000712,C00155,73.91,groceries,18,standard,False,2,False,False,False
T000713,C00100,18.6,cash,14,standard,False,0,False,False,False
T000714,C00387,29.84,groceries,17,standard,False,1,False,False,False
T000715,C00035,28.31,cash,0,standard,False,2,False,False,False
T000716,C00318,313.61,crypto,5,standard,False,1,False,True,False
T000717,C00702,86.38,travel,8,standard,False,4,False,False,False
T000718,C00035,135.94,travel,11,standard,True,2,False,False,True
T000719,C00310,130.22,cash,18,standard,False,2,False,False,False
T000720,C00725,128.88,travel,10,standard,False,3,False,False,False
T000721,C00679,517.87,groceries,15,standard,False,3,False,False,False
T000722,C00584,210.25,crypto,11,standard,False,1,False,True,False
T000723,C00045,115.22,groceries,23,standard,False,1,False,True,False
T000724,C00605,97.85,groceries,4,standard,False,3,False,False,False
T000725,C00223,410.98,electronics,3,standard,False,0,False,False,False
T000726,C00213,11.5,electronics,15,standard,False,3,False,False,False
T000727,C00071,361.29,electronics,5,standard,False,2,False,False,False
T000728,C00571,46.87,utilities,15,high,True,3,False,False,False
T000729,C00728,142.1,crypto,6,standard,True,2,False,False,False
T000730,C00561,61.74,groceries,18,standard,False,3,False,False,False
T000731,C00494,86.2,utilities,21,standard,False,0,False,False,False
T000732,C00437,63.36,cash,10,high,False,3,False,False,False
T000733,C00316,1.54,utilities,10,standard,False,1,False,False,False
T000734,C00505,23.56,electronics,16,standard,False,3,False,False,False
T000735,C00122,32.84,cash,15,standard,True,3,False,False,False
T000736,C00194,18.57,cash,0,standard,False,2,False,False,False
T000737,C00677,10.12,utilities,8,standard,False,4,False,False,False
T000738,C00154,139.32,cash,13,high,False,4,False,False,False
T000739,C00493,25.33,crypto,17,standard,True,0,False,False,True
T000740,C00618,87.35,cash,14,standard,False,3,False,False,False
T000741,C00325,288.92,utilities,10,standard,False,3,False,False,False
T000742,C00624,23.59,utilities,21,standard,False,0,False,False,False
T000743,C00254,63.38,electronics,2,standard,True,2,False,False,False
T000744,C00255,269.07,cash,22,standard,False,1,False,False,False
T000745,C00557,54.68,travel,21,high,False,5,False,False,False
T000746,C00539,50.77,electronics,15,standard,False,0,False,False,False
T000747,C00701,7.36,electronics,11,standard,False,0,False,False,False
T000748,C00396,334.21,crypto,22,standard,False,1,False,False,False
T000749,C00139,57.58,crypto,20,standard,False,2,False,False,False
T000750,C00533,17.16,cash,13,standard,True,2,False,False,False
T000751,C00568,189.58,crypto,1,standard,False,4,False,False,False
T000752,C00231,46.83,groceries,15,standard,False,1,False,False,False
T000753,C00452,68.57,crypto,21,standard,False,1,False,False,False
T000754,C00307,36.03,utilities,17,standard,False,3,False,False,False
T000755,C00452,165.92,electronics,0,standard,False,5,False,False,False
T000756,C00709,154.29,travel,13,standard,False,1,False,False,False
T000757,C00648,44.25,electronics,13,standard,False,2,False,False,False
T000758,C00117,75.46,groceries,0,high,False,4,False,True,False
T000759,C00531,404.83,travel,3,standard,False,1,False,False,False
T000760,C00015,87.44,crypto,0,standard,False,1,False,False,False
T000761,C00165,44.66,cash,13,standard,False,3,False,False,False
T000762,C00521,345.39,travel,1,standard,False,3,False,False,False
T000763,C00313,36.17,cash,19,standard,False,3,False,False,False
T000764,C00234,79.98,crypto,17,standard,False,3,False,False,False
T000765,C00252,19.5,electronics,4,standard,True,2,False,False,False
T000766,C00663,28.1,crypto,17,standard,False,5,False,False,False
T000767,C00369,39.99,crypto,18,standard,True,1,False,False,False
T000768,C00388,135.31,electronics,23,standard,False,3,False,False,False
T000769,C00521,230.68,groceries,2,standard,False,0,False,False,False
T000770,C00727,45.27,groceries,5,standard,False,3,False,False,False
T000771,C00704,168.2,cash,6,high,False,2,False,True,False
T000772,C00174,66.59,utilities,19,standard,False,1,False,False,False
T000773,C00387,159.56,cash,1,standard,False,1,False,False,False
T000774,C00160,31.07,crypto,10,standard,False,1,False,False,False
T000775,C00367,99.68,cash,19,standard,False,3,False,False,False
T000776,C00423,62.5,electronics,23,standard,False,2,False,False,False
T000777,C00151,85.8,cash,8,standard,False,3,False,False,False
T000778,C00334,1153.18,electronics,4,standard,False,1,False,True,False
T000779,C00365,102.54,travel,16,standard,False,0,False,False,False
T000780,C00618,350.11,groceries,6,standard,False,0,False,False,False
T000781,C00642,244.3,travel,3,high,False,2,False,False,False
T000782,C00252,14.02,groceries,15,standard,False,2,False,False,False
T000783,C00274,117.93,cash,9,standard,False,6,False,False,False
T000784,C00708,245.29,cash,2,standard,False,2,False,False,True
T000785,C00204,13.73,utilities,8,standard,False,0,False,False,True
T000786,C00422,31.24,crypto,9,standard,True,2,False,True,False
T000787,C00140,3322.41,groceries,14,standard,False,2,False,False,False
T000788,C00135,84.14,electronics,0,standard,False,1,False,False,False
T000789,C00505,47.17,utilities,4,standard,False,1,False,False,False
T000790,C00685,79.53,travel,15,standard,False,1,False,False,False
T000791,C00044,30.04,groceries,1,standard,False,4,False,False,False
T000792,C00045,86.35,electronics,14,high,False,4,False,False,False
T000793,C00209,98.33,electronics,22,high,False,3,False,False,False
T000794,C00382,56.14,groceries,6,standard,True,1,False,False,True
T000795,C00184,364.95,groceries,21,standard,False,2,False,False,False
T000796,C00525,503.49,electronics,22,standard,True,3,False,False,False
T000797,C00477,241.48,cash,21,standard,False,4,False,False,False
T000798,C00392,32.95,travel,0,standard,False,2,False,False,False
T000799,C00717,43.43,utilities,3,standard,False,2,False,False,False
T000800,C00624,17.54,utilities,18,standard,False,2,False,False,False
T000801,C00525,118.61,groceries,14,standard,False,1,False,False,False
T000802,C00379,45.61,electronics,22,high,True,4,False,False,False
T000803,C00249,41.48,travel,5,standard,False,2,False,False,False
T000804,C00052,36.14,travel,13,standard,False,3,False,False,False
T000805,C00612,99.13,electronics,11,high,False,0,False,False,False
T000806,C00130,90.49,utilities,6,standard,False,2,False,False,False
T000807,C00206,21.48,utilities,7,standard,False,4,False,False,False
T000808,C00216,406.63,crypto,17,standard,False,3,False,False,False
T000809,C00170,92.2,electronics,3,standard,False,3,False,False,False
T000810,C00226,17.01,travel,0,standard,False,3,False,False,False
T000811,C00570,194.14,crypto,7,standard,False,2,False,False,False
T000812,C00228,29.65,cash,5,standard,False,0,False,False,False
T000813,C00353,564.33,groceries,18,high,True,4,False,False,False
T000814,C00211,334.47,travel,9,standard,False,2,False,False,False
T000815,C00729,139.1,crypto,3,standard,True,2,False,False,False
T000816,C00716,1003.59,crypto,7,high,False,3,False,True,False
T000817,C00056,28.68,crypto,1,standard,False,5,False,False,False
T000818,C00263,107.27,cash,5,standard,False,7,False,False,True
T000819,C00289,57.37,cash,7,standard,False,0,False,False,True
T000820,C00532,28.56,electronics,17,standard,False,4,False,False,False
T000821,C00112,18.61,cash,15,standard,False,1,False,False,False
T000822,C00041,261.98,travel,0,high,False,2,False,False,False
T000823,C00736,58.7,electronics,18,standard,False,3,False,False,False
T000824,C00145,26.71,electronics,3,standard,False,3,False,False,False
T000825,C00513,42.79,groceries,5,standard,False,3,False,False,False
T000826,C00429,2334.24,utilities,9,standard,False,3,False,False,False
T000827,C00727,78.79,crypto,8,standard,False,3,False,False,False
T000828,C00497,35.2,utilities,1,high,False,2,False,False,False
T000829,C00057,59.58,groceries,1,standard,False,0,False,False,False
T000830,C00604,281.91,travel,21,standard,False,3,False,False,False
T000831,C00052,67.27,utilities,16,standard,False,4,False,False,False
T000832,C00741,61.72,travel,17,standard,False,4,False,False,False
T000833,C00729,70.31,utilities,11,standard,False,3,False,True,False
T000834,C00726,42.55,crypto,15,standard,False,1,False,False,False
T000835,C00596,56.96,crypto,19,standard,False,3,False,False,False
T000836,C00356,346.0,groceries,12,high,False,4,False,False,False
T000837,C00199,59.25,utilities,5,standard,False,2,False,False,False
T000838,C00526,68.74,crypto,5,standard,False,4,False,False,False
T000839,C00301,3.1,travel,21,standard,False,4,False,False,False
T000840,C00045,162.18,electronics,10,standard,False,2,False,False,False
T000841,C00703,293.89,groceries,19,standard,False,2,False,False,False
T000842,C00733,35.38,groceries,22,standard,False,1,False,False,False
T000843,C00323,126.48,travel,10,standard,False,2,False,False,False
T000844,C00100,22.64,crypto,11,high,False,1,False,False,False
T000845,C00093,106.28,crypto,20,standard,False,2,False,False,False
T000846,C00352,110.99,groceries,5,standard,True,1,False,False,False
T000847,C00419,6.38,utilities,12,standard,False,2,False,False,False
T000848,C00392,247.46,electronics,5,high,False,3,False,False,False
T000849,C00638,317.9,crypto,17,standard,False,3,False,False,False
T000850,C00399,63.5,electronics,7,high,False,2,False,False,False
T000851,C00477,22.32,utilities,21,standard,False,0,False,False,False
T000852,C00574,73.8,crypto,1,standard,False,0,False,False,False
T000853,C00525,63.25,cash,8,standard,False,5,False,False,False
T000854,C00567,208.1,groceries,14,standard,False,2,False,False,False
T000855,C00496,70.12,crypto,3,standard,False,2,False,False,False
T000856,C00382,64.78,electronics,2,standard,False,2,False,False,False
T000857,C00076,225.76,utilities,3,high,False,3,False,True,False
T000858,C00689,155.09,travel,12,high,False,3,False,False,False
T000859,C00388,83.74,crypto,1,high,False,0,False,False,False
T000860,C00607,35.46,crypto,11,standard,False,1,False,False,False
T000861,C00048,32.9,cash,1,standard,False,0,False,False,False
T000862,C00467,36.03,crypto,5,standard,False,1,False,False,False
T000863,C00146,31.33,cash,13,standard,False,1,False,False,False
T000864,C00296,50.4,cash,15,high,False,7,False,True,False
T000865,C00696,279.81,travel,3,standard,True,2,False,False,True
T000866,C00479,52.49,electronics,11,standard,False,4,False,False,False
T000867,C00079,58.06,travel,12,standard,False,2,False,False,False
T000868,C00402,7.98,groceries,21,high,True,1,False,False,False
T000869,C00538,241.24,cash,6,standard,False,1,False,False,False
T000870,C00285,50.91,crypto,3,standard,False,1,False,False,False
T000871,C00719,155.33,electronics,10,standard,True,1,False,False,True
T000872,C00280,133.73,electronics,12,standard,False,2,False,False,False
T000873,C00605,37.5,travel,4,standard,False,3,False,True,False
T000874,C00130,132.77,cash,15,high,True,2,False,False,False
T000875,C00351,14.97,electronics,4,standard,True,4,False,False,False
T000876,C00314,35.86,travel,2,standard,False,2,False,True,False
T000877,C00327,404.34,electronics,9,standard,True,2,False,False,False
T000878,C00306,27.51,cash,12,standard,False,5,False,False,False
T000879,C00362,124.44,cash,10,standard,False,3,False,False,False
T000880,C00610,79.04,electronics,21,standard,False,2,False,False,False
T000881,C00096,32.2,travel,13,standard,False,1,False,False,False
T000882,C00226,397.46,electronics,16,standard,False,0,False,False,False
T000883,C00409,67.1,cash,22,standard,False,2,False,False,False
T000884,C00610,178.97,travel,8,standard,False,2,False,False,False
T000885,C00263,758.6,crypto,20,high,False,3,False,False,False
T000886,C00380,14.68,crypto,21,standard,False,6,False,False,False
T000887,C00508,69.68,electronics,23,standard,False,3,False,False,False
T000888,C00467,211.02,crypto,18,standard,False,4,False,False,False
T000889,C00723,68.62,travel,3,standard,False,2,False,False,False
T000890,C00325,279.65,cash,1,high,False,3,False,False,False
T000891,C00551,153.75,crypto,23,standard,False,4,False,False,False
T000892,C00282,98.04,crypto,17,standard,True,1,False,False,False
T000893,C00599,129.0,travel,15,high,False,1,False,False,False
T000894,C00004,31.35,utilities,6,standard,False,3,False,False,False
T000895,C00664,13.5,crypto,7,standard,False,1,False,False,False
T000896,C00012,9.99,crypto,16,standard,False,2,False,False,False
T000897,C00617,102.14,utilities,6,standard,False,3,False,False,False
T000898,C00168,24.66,groceries,1,standard,True,2,False,False,False
T000899,C00559,335.03,utilities,19,standard,False,3,False,False,False
T000900,C00636,19.55,electronics,23,standard,False,3,False,False,False
T000901,C00513,10.72,crypto,22,standard,False,0,False,False,False
T000902,C00180,7.94,cash,8,standard,False,2,False,False,False
T000903,C00643,352.71,travel,10,standard,False,1,False,False,False
T000904,C00601,78.7,groceries,14,standard,False,2,False,False,False
T000905,C00656,137.86,travel,16,standard,False,2,False,False,False
T000906,C00623,18.84,cash,16,standard,False,2,False,False,False
T000907,C00518,410.86,travel,0,standard,False,1,False,False,False
T000908,C00304,14.01,travel,6,standard,False,3,False,False,False
T000909,C00092,70.52,utilities,0,standard,False,2,False,False,False
T000910,C00327,44.74,groceries,3,standard,False,0,False,False,False
T000911,C00294,233.23,travel,5,standard,True,2,False,False,False
T000912,C00103,20.71,cash,10,standard,False,5,False,False,False
T000913,C00548,46.24,crypto,0,standard,False,2,False,False,False
T000914,C00234,51.76,cash,1,high,False,4,False,False,False
T000915,C00305,67.87,crypto,0,standard,False,0,False,True,False
T000916,C00314,74.37,utilities,12,standard,True,3,False,False,False
T000917,C00217,164.94,groceries,7,standard,False,1,False,False,False
T000918,C00696,210.71,travel,5,standard,False,3,False,False,False
T000919,C00089,51.6,cash,0,standard,False,0,False,False,False
T000920,C00612,63.21,groceries,17,standard,False,1,False,False,False
T000921,C00513,89.75,travel,19,standard,False,0,False,False,False
T000922,C00474,115.14,travel,14,standard,False,1,False,False,False
T000923,C00188,66.58,travel,10,standard,False,4,False,False,False
T000924,C00095,136.14,crypto,21,standard,False,2,False,False,False
T000925,C00412,104.36,utilities,14,standard,False,2,False,False,False
T000926,C00683,184.37,groceries,18,standard,False,0,False,False,False
T000927,C00434,37.72,crypto,5,standard,False,3,False,False,False
T000928,C00388,95.39,groceries,1,standard,False,7,False,True,True
T000929,C00600,40.08,cash,19,high,True,2,False,False,True
T000930,C00083,10.51,crypto,20,standard,False,3,False,False,False
T000931,C00672,34.58,travel,14,standard,False,2,False,False,False
T000932,C00714,89.81,cash,14,standard,False,1,False,False,False
T000933,C00661,42.87,electronics,5,standard,False,3,False,False,False
T000934,C00280,25.17,travel,8,standard,False,4,False,False,False
T000935,C00134,158.85,cash,15,standard,False,2,False,False,False
T000936,C00579,291.84,crypto,10,standard,False,2,False,False,False
T000937,C00008,159.24,crypto,19,standard,False,4,False,False,False
T000938,C00124,162.01,groceries,14,standard,False,1,False,False,False
T000939,C00480,17.5,travel,17,standard,True,0,False,True,True
T000940,C00306,137.66,electronics,1,standard,False,1,False,False,False
T000941,C00669,466.07,utilities,0,standard,False,3,False,False,False
T000942,C00201,323.71,electronics,15,standard,False,0,False,False,False
T000943,C00655,84.09,crypto,13,standard,False,2,False,False,False
T000944,C00470,278.09,crypto,1,standard,False,0,False,True,False
T000945,C00312,58.3,electronics,16,standard,False,4,False,False,False
T000946,C00569,52.67,travel,2,high,False,1,False,False,False
T000947,C00458,127.93,electronics,15,standard,False,4,False,False,False
T000948,C00313,123.17,crypto,18,standard,False,4,False,False,False
T000949,C00690,38.76,groceries,5,standard,False,3,False,False,False
T000950,C00657,61.99,electronics,0,standard,False,7,False,False,False
T000951,C00202,250.01,crypto,5,standard,False,2,False,False,False
T000952,C00699,44.6,utilities,3,high,False,2,False,False,False
T000953,C00515,91.15,crypto,15,standard,False,0,False,False,False
T000954,C00161,109.76,travel,5,standard,True,0,False,False,False
T000955,C00569,225.47,utilities,12,standard,False,2,False,False,False
T000956,C00708,70.73,utilities,13,standard,False,2,False,False,False
T000957,C00680,105.86,groceries,14,standard,False,0,False,False,False
T000958,C00073,288.03,utilities,1,high,False,3,False,False,False
T000959,C00086,45.65,electronics,11,standard,False,2,False,True,False
T000960,C00586,37.91,utilities,19,standard,False,3,False,False,False
T000961,C00085,16.4,electronics,5,standard,False,2,False,False,False
T000962,C00390,173.13,travel,16,standard,False,3,False,False,False
T000963,C00415,45.67,utilities,18,standard,False,5,False,False,False
T000964,C00482,41.9,groceries,23,high,False,4,False,False,False
T000965,C00366,10.64,cash,14,standard,False,0,False,False,False
T000966,C00077,46.91,cash,9,standard,False,1,False,False,True
T000967,C00523,26.4,crypto,9,standard,False,3,False,False,False
T000968,C00136,53.89,electronics,23,standard,False,1,False,False,False
T000969,C00348,52.0,travel,9,standard,False,5,False,True,False
T000970,C00740,78.2,travel,7,standard,True,1,False,False,False
T000971,C00548,451.27,electronics,4,standard,False,2,False,False,False
T000972,C00044,22.85,utilities,21,standard,False,1,False,False,False
T000973,C00003,69.34,electronics,19,standard,False,3,False,False,False
T000974,C00031,40.91,groceries,2,standard,False,2,False,False,False
T000975,C00103,55.04,groceries,8,standard,False,1,False,False,False
T000976,C00609,91.54,crypto,20,standard,False,5,False,False,False
T000977,C00478,202.0,cash,7,standard,False,4,False,False,False
T000978,C00547,86.96,cash,18,standard,False,3,False,False,False
T000979,C00166,98.23,utilities,13,standard,False,2,False,False,False
T000980,C00000,160.82,groceries,4,standard,False,3,False,False,False
T000981,C00317,92.31,groceries,21,high,False,4,False,False,False
T000982,C00688,49.45,travel,23,standard,True,3,False,False,False
T000983,C00091,78.42,cash,16,standard,False,3,False,False,True
T000984,C00005,91.93,cash,8,standard,False,3,False,False,False
T000985,C00077,14.24,cash,6,standard,False,2,False,False,False
T000986,C00481,186.08,cash,6,standard,False,3,False,False,False
T000987,C00294,98.05,cash,4,high,True,4,False,True,False
T000988,C00613,176.19,cash,22,standard,True,1,False,False,False
T000989,C00739,104.44,travel,0,standard,False,0,False,False,False
T000990,C00005,21.58,crypto,9,standard,True,2,False,False,False
T000991,C00514,40.3,crypto,0,standard,False,2,False,False,False
T000992,C00744,81.35,groceries,6,standard,False,1,False,False,False
T000993,C00594,22.01,travel,16,standard,False,2,False,False,False
T000994,C00176,298.86,travel,19,standard,False,4,False,False,False
T000995,C00150,22.64,groceries,20,standard,True,1,False,False,True
T000996,C00668,487.66,utilities,13,standard,False,1,False,False,False
T000997,C00240,112.91,travel,0,high,False,3,False,False,False
T000998,C00114,153.14,crypto,16,standard,False,0,False,True,False
T000999,C00051,23.1,crypto,11,high,False,3,False,True,False
T001000,C00482,60.96,utilities,7,standard,False,3,False,False,False
T001001,C00749,56.2,electronics,22,standard,False,1,False,False,False
T001002,C00534,374.47,crypto,12,standard,False,6,False,False,False
T001003,C00355,723.83,cash,0,standard,False,7,False,False,True
T001004,C00451,600.98,groceries,1,standard,False,1,False,False,False
T001005,C00327,6.27,cash,2,standard,False,0,False,False,False
T001006,C00289,92.09,crypto,6,standard,False,1,False,False,False
T001007,C00355,22.56,groceries,4,standard,False,3,False,False,False
T001008,C00612,80.95,groceries,18,standard,False,1,False,True,False
T001009,C00000,54.97,cash,17,standard,False,1,False,False,False
T001010,C00388,15.02,electronics,2,standard,False,2,False,False,False
T001011,C00129,24.62,electronics,12,standard,False,2,False,False,False
T001012,C00518,175.3,travel,22,standard,False,5,False,False,False
T001013,C00424,75.82,utilities,8,high,False,3,False,False,False
T001014,C00594,44.92,electronics,10,standard,False,2,False,False,False
T001015,C00305,98.8,groceries,20,standard,False,0,False,False,False
T001016,C00341,27.95,utilities,17,standard,False,4,False,False,False
T001017,C00124,169.46,utilities,11,standard,False,2,False,False,True
T001018,C00716,59.39,groceries,13,standard,False,4,False,False,False
T001019,C00172,271.26,travel,22,standard,False,3,False,False,False
T001020,C00577,10.43,utilities,6,standard,False,1,False,False,False
T001021,C00548,125.55,crypto,23,standard,False,2,False,False,False
T001022,C00707,55.56,travel,3,standard,False,2,False,True,False
T001023,C00593,20.11,cash,3,high,False,1,False,False,False
T001024,C00151,30.61,cash,3,standard,False,4,False,False,False
T001025,C00374,92.98,crypto,5,high,False,2,False,False,False
T001026,C00137,165.34,utilities,15,standard,False,4,False,False,False
T001027,C00185,54.69,crypto,22,standard,False,0,False,False,False
T001028,C00643,71.18,groceries,18,standard,False,0,False,False,False
T001029,C00341,51.99,electronics,7,standard,False,3,False,False,False
T001030,C00708,50.03,travel,13,standard,False,1,False,False,False
T001031,C00704,666.22,travel,1,standard,False,0,False,True,False
T001032,C00538,186.65,cash,0,standard,False,2,False,False,False
T001033,C00657,460.27,groceries,6,standard,False,0,False,False,False
T001034,C00126,56.93,travel,12,standard,False,2,False,True,False
T001035,C00499,133.67,utilities,10,standard,False,2,False,False,False
T001036,C00732,76.17,cash,2,standard,False,2,False,False,False
T001037,C00587,265.25,groceries,13,standard,False,1,False,False,False
T001038,C00046,115.11,utilities,3,standard,False,0,False,False,False
T001039,C00449,485.41,crypto,0,standard,False,1,False,False,False
T001040,C00227,105.78,groceries,14,standard,False,2,False,False,False
T001041,C00402,57.95,crypto,3,standard,False,6,False,False,False
T001042,C00169,30.42,utilities,11,standard,True,1,False,False,False
T001043,C00005,45.86,travel,14,standard,False,1,False,False,False
T001044,C00472,193.95,crypto,0,standard,False,1,False,False,False
T001045,C00210,50.34,cash,4,standard,False,3,False,False,False
T001046,C00395,93.12,groceries,22,high,False,4,False,False,False
T001047,C00061,195.16,travel,6,standard,False,1,False,False,False
T001048,C00069,324.08,utilities,17,standard,False,1,False,False,False
T001049,C00670,26.67,cash,11,standard,False,4,False,False,False
T001050,C00564,62.65,cash,1,standard,False,2,False,False,False
T001051,C00265,22.11,travel,23,standard,False,2,False,False,False
T001052,C00596,97.99,electronics,21,standard,False,1,False,False,False
T001053,C00602,76.87,utilities,21,high,False,2,False,False,False
T001054,C00134,99.71,crypto,18,standard,False,2,False,True,False
T001055,C00451,21.07,cash,18,standard,True,1,False,True,False
T001056,C00381,50.11,electronics,13,standard,True,3,False,False,False
T001057,C00351,13.19,groceries,8,standard,False,2,False,False,False
T001058,C00108,153.97,crypto,22,standard,True,2,False,False,False
T001059,C00723,46.02,travel,12,standard,False,1,False,False,False
T001060,C00051,39.12,crypto,6,standard,False,2,False,True,False
T001061,C00227,106.35,electronics,11,standard,True,0,False,False,False
T001062,C00195,160.39,electronics,22,standard,True,0,False,False,False
T001063,C00557,43.99,travel,18,standard,False,2,False,False,False
T001064,C00652,80.01,cash,6,standard,False,2,False,False,False
T001065,C00576,103.87,electronics,0,standard,True,2,False,False,False
T001066,C00243,55.7,electronics,1,standard,False,3,False,False,False
T001067,C00106,28.17,cash,20,standard,False,2,False,False,False
T001068,C00436,36.19,crypto,1,standard,True,2,False,False,False
T001069,C00666,166.32,crypto,0,standard,False,0,False,False,False
T001070,C00265,92.88,groceries,20,standard,False,3,False,False,False
T001071,C00203,22.37,travel,8,standard,False,2,False,False,False
T001072,C00378,44.1,groceries,20,standard,False,2,False,False,False
T001073,C00615,150.94,groceries,10,standard,True,3,False,False,False
T001074,C00312,74.57,travel,1,standard,False,4,False,False,False
T001075,C00002,31.72,crypto,21,standard,False,2,False,False,False
T001076,C00016,21.16,groceries,19,standard,False,2,False,False,False
T001077,C00259,87.71,cash,17,high,False,3,False,False,False
T001078,C00047,423.75,crypto,1,standard,True,4,False,False,False
T001079,C00046,60.59,crypto,18,standard,False,5,False,False,False
T001080,C00255,29.44,travel,14,standard,False,3,False,True,False
T001081,C00585,28.5,cash,12,standard,False,3,False,False,False
T001082,C00136,204.12,utilities,13,standard,False,4,False,False,True
T001083,C00146,8.84,travel,21,standard,False,0,False,False,False
T001084,C00020,41.61,travel,5,standard,False,2,False,False,False
T001085,C00517,64.09,electronics,23,standard,False,2,False,False,False
T001086,C00027,36.04,utilities,21,standard,False,3,False,False,False
T001087,C00731,608.63,utilities,12,standard,False,2,False,False,False
T001088,C00486,86.71,groceries,21,high,False,2,False,False,False
T001089,C00100,81.02,cash,1,standard,True,1,False,False,False
T001090,C00460,207.48,travel,10,standard,False,2,False,False,False
T001091,C00295,66.28,utilities,16,standard,False,4,False,False,False
T001092,C00564,11.61,cash,19,standard,False,3,False,False,False
T001093,C00261,89.97,utilities,21,standard,False,4,False,False,False
T001094,C00382,41.67,cash,13,high,False,0,False,False,False
T001095,C00571,37.94,cash,8,standard,False,3,False,False,False
T001096,C00553,259.99,electronics,21,standard,True,3,False,False,False
T001097,C00640,27.93,cash,21,standard,False,1,False,False,False
T001098,C00006,72.15,travel,7,standard,True,6,False,False,True
T001099,C00707,70.1,cash,7,standard,False,5,False,False,False
T001100,C00454,96.11,travel,10,standard,False,4,False,False,False
T001101,C00420,620.92,electronics,19,standard,False,4,False,False,False
T001102,C00385,27.64,crypto,17,standard,False,2,False,False,False
T001103,C00449,66.49,travel,1,standard,False,3,False,False,False
T001104,C00101,224.03,crypto,5,standard,True,4,False,False,False
T001105,C00704,74.32,utilities,19,standard,False,2,False,False,False
T001106,C00006,33.11,electronics,7,standard,True,3,False,False,False
T001107,C00432,43.0,groceries,17,standard,False,1,False,False,False
T001108,C00638,236.83,travel,6,high,True,1,False,True,False
T001109,C00054,18.62,travel,8,standard,False,1,False,False,False
T001110,C00236,428.9,cash,19,standard,False,4,False,False,False
T001111,C00149,479.62,travel,16,standard,True,6,False,False,False
T001112,C00461,79.71,groceries,20,standard,False,3,False,False,False
T001113,C00688,107.76,utilities,9,high,False,1,False,False,False
T001114,C00425,117.91,travel,21,standard,False,0,False,False,False
T001115,C00569,51.56,groceries,20,standard,False,2,False,False,False
T001116,C00147,105.14,utilities,19,standard,True,2,False,False,False
T001117,C00648,8.11,cash,16,standard,False,2,False,False,False
T001118,C00047,12.54,groceries,5,standard,False,3,False,False,False
T001119,C00342,27.34,electronics,5,standard,False,5,False,False,False
T001120,C00563,33.87,utilities,15,standard,True,4,False,False,False
T001121,C00404,120.35,cash,19,standard,False,2,False,False,False
T001122,C00397,87.58,utilities,7,standard,False,2,False,False,False
T001123,C00264,163.34,utilities,11,standard,False,2,False,False,False
T001124,C00034,71.19,utilities,15,high,False,4,False,False,False
T001125,C00052,72.03,crypto,18,standard,False,2,False,True,False
T001126,C00554,115.03,utilities,1,standard,False,6,False,False,False
T001127,C00366,30.25,cash,1,high,False,4,False,False,False
T001128,C00510,27.94,cash,8,standard,False,2,False,False,False
T001129,C00553,37.29,electronics,12,standard,False,1,False,False,False
T001130,C00625,16.33,groceries,18,standard,False,4,False,False,False
T001131,C00592,40.75,cash,7,standard,False,5,False,False,False
T001132,C00583,54.65,electronics,9,standard,False,0,False,False,False
T001133,C00650,23.49,electronics,19,standard,False,1,False,False,False
T001134,C00562,28.3,travel,8,standard,False,5,False,False,False
T001135,C00138,37.11,electronics,7,standard,False,0,False,False,False
T001136,C00588,222.23,travel,21,standard,False,2,False,False,False
T001137,C00224,279.76,electronics,6,standard,False,3,False,False,False
T001138,C00367,29.84,travel,15,standard,False,0,False,False,False
T001139,C00448,212.88,electronics,17,standard,False,3,False,False,False
T001140,C00466,64.96,crypto,5,standard,False,2,False,False,False
T001141,C00537,23.83,cash,13,standard,False,0,False,False,False
T001142,C00152,53.36,utilities,7,standard,False,0,False,False,False
T001143,C00383,32.74,groceries,13,standard,False,2,False,False,False
T001144,C00267,31.16,utilities,19,standard,False,1,False,False,False
T001145,C00075,16.0,crypto,0,standard,False,5,False,False,False
T001146,C00230,77.78,utilities,17,standard,False,2,False,False,False
T001147,C00365,13.23,cash,3,standard,False,1,False,False,False
T001148,C00325,33.56,electronics,8,standard,False,2,False,False,False
T001149,C00025,114.83,travel,2,standard,False,1,False,False,False
T001150,C00612,406.28,utilities,15,high,False,0,False,False,False
T001151,C00100,57.24,groceries,1,standard,True,3,False,False,False
T001152,C00444,71.68,utilities,10,standard,False,3,False,False,False
T001153,C00158,138.99,travel,13,standard,False,1,False,False,False
T001154,C00596,53.85,utilities,17,standard,False,2,False,False,False
T001155,C00504,249.42,groceries,10,standard,False,4,False,False,False
T001156,C00616,6.02,crypto,8,standard,False,2,False,False,False
T001157,C00167,89.34,travel,2,standard,False,3,False,False,False
T001158,C00425,25.82,travel,1,standard,False,0,False,False,False
T001159,C00500,73.02,cash,12,standard,False,1,False,False,False
T001160,C00118,239.05,cash,9,high,False,3,False,False,False
T001161,C00151,64.37,cash,5,standard,False,1,False,False,False
T001162,C00268,39.45,utilities,11,standard,False,2,False,False,False
T001163,C00375,67.61,travel,23,standard,False,0,False,False,False
T001164,C00624,38.52,groceries,7,high,False,1,False,False,False
T001165,C00248,67.1,crypto,5,standard,False,3,False,False,False
T001166,C00048,40.64,groceries,0,standard,True,2,False,False,False
T001167,C00159,27.7,cash,12,standard,False,3,False,False,False
T001168,C00175,14.43,travel,0,standard,False,3,False,False,False
T001169,C00233,109.76,travel,11,standard,False,1,False,False,False
T001170,C00624,42.76,cash,21,standard,True,3,False,False,False
T001171,C00636,15.55,groceries,6,standard,False,5,False,False,False
T001172,C00264,16.68,travel,14,standard,False,0,False,False,False
T001173,C00232,63.14,cash,4,standard,False,2,False,False,False
T001174,C00168,23.59,groceries,21,standard,False,6,False,False,False
T001175,C00407,70.46,utilities,18,standard,False,4,False,False,False
T001176,C00642,180.69,utilities,13,standard,False,3,False,False,False
T001177,C00408,1554.68,utilities,18,standard,False,1,False,False,False
T001178,C00177,84.19,crypto,11,standard,False,0,False,False,False
T001179,C00535,299.94,groceries,5,standard,False,1,False,False,False
T001180,C00642,11.88,utilities,4,standard,False,2,False,False,False
T001181,C00254,30.5,electronics,19,standard,False,3,False,False,False
T001182,C00414,71.84,groceries,21,standard,True,2,False,False,False
T001183,C00621,93.9,groceries,2,standard,False,2,False,False,False
T001184,C00206,12.02,utilities,7,standard,True,2,False,False,False
T001185,C00011,173.35,electronics,9,standard,False,2,False,False,False
T001186,C00694,105.96,groceries,8,standard,False,2,False,False,False
T001187,C00403,86.64,groceries,22,standard,True,2,False,False,False
T001188,C00042,97.51,travel,23,standard,False,3,False,False,False
T001189,C00615,35.61,cash,16,standard,True,4,False,False,False
T001190,C00727,166.61,cash,4,standard,False,1,False,False,False
T001191,C00637,73.66,utilities,5,high,False,0,False,False,False
T001192,C00171,42.07,cash,0,standard,True,3,False,False,False
T001193,C00530,104.89,crypto,11,standard,False,2,False,False,False
T001194,C00164,20.35,electronics,14,high,False,2,False,False,False
T001195,C00736,39.28,cash,0,standard,False,1,False,False,False
T001196,C00629,38.81,crypto,1,standard,False,2,False,False,False
T001197,C00506,75.99,travel,20,standard,True,0,False,False,False
T001198,C00012,41.95,groceries,5,standard,False,2,False,True,False
T001199,C00339,74.5,travel,7,standard,False,1,False,False,False
T001200,C00087,15.23,crypto,5,standard,False,1,False,True,False
T001201,C00475,17.4,cash,3,standard,True,3,False,False,False
T001202,C00602,96.58,travel,15,standard,False,2,False,False,False
T001203,C00029,58.73,groceries,10,standard,False,2,False,False,False
T001204,C00145,28.17,groceries,21,standard,False,1,False,False,False
T001205,C00575,80.73,crypto,7,standard,False,3,False,False,False
T001206,C00108,85.93,electronics,21,standard,False,2,False,False,False
T001207,C00438,173.33,travel,23,standard,False,1,False,False,False
T001208,C00345,96.85,travel,0,high,True,7,False,False,True
T001209,C00350,29.38,cash,18,standard,False,4,False,False,False
T001210,C00258,67.66,travel,7,standard,False,1,False,False,False
T001211,C00137,187.57,utilities,11,standard,False,3,False,False,False
T001212,C00176,116.62,electronics,6,standard,True,0,False,False,False
T001213,C00694,33.79,electronics,23,standard,False,3,False,False,False
T001214,C00368,217.71,crypto,1,standard,False,2,False,False,False
T001215,C00455,30.93,crypto,22,standard,False,4,False,False,False
T001216,C00686,52.72,utilities,0,standard,False,2,False,False,False
T001217,C00481,10.04,electronics,16,standard,False,1,False,True,False
T001218,C00548,69.7,groceries,2,standard,True,2,False,False,False
T001219,C00419,88.35,electronics,19,standard,False,2,False,False,False
T001220,C00183,51.42,cash,0,standard,False,2,False,False,False
T001221,C00132,63.13,utilities,12,standard,False,0,False,True,False
T001222,C00428,30.49,groceries,20,standard,False,3,False,False,False
T001223,C00731,107.92,electronics,22,standard,False,1,False,False,False
T001224,C00213,37.19,crypto,15,standard,False,1,False,False,False
T001225,C00548,115.08,travel,8,standard,False,2,False,False,False
T001226,C00627,99.14,utilities,9,standard,False,3,False,False,False
T001227,C00028,70.51,cash,1,standard,False,1,False,False,False
T001228,C00014,91.18,crypto,2,standard,False,4,False,False,False
T001229,C00574,89.06,utilities,21,standard,False,2,False,False,False
T001230,C00491,56.7,travel,5,standard,False,2,False,False,False
T001231,C00572,14.36,electronics,7,high,False,2,False,False,False
T001232,C00589,359.78,electronics,16,high,False,6,False,False,False
T001233,C00687,702.68,cash,3,standard,False,2,False,False,False
T001234,C00718,92.4,cash,14,standard,False,4,False,False,False
T001235,C00027,32.87,travel,12,standard,False,0,False,False,False
T001236,C00480,91.38,crypto,1,standard,True,3,False,False,True
T001237,C00495,18.14,electronics,15,standard,False,2,False,False,False
T001238,C00318,127.97,groceries,16,standard,False,3,False,False,False
T001239,C00346,386.75,utilities,5,standard,False,2,False,False,False
T001240,C00254,121.61,cash,10,standard,True,3,False,False,True
T001241,C00233,128.63,cash,18,high,False,2,False,False,False
T001242,C00356,10.03,utilities,0,standard,False,3,False,False,False
T001243,C00585,52.75,crypto,16,standard,False,2,False,False,False
T001244,C00439,19.91,groceries,9,standard,False,2,False,False,False
T001245,C00407,418.55,groceries,14,standard,False,1,False,False,False
T001246,C00661,68.32,travel,4,high,False,6,False,False,False
T001247,C00051,55.08,travel,8,standard,False,2,False,False,False
T001248,C00193,132.69,cash,12,standard,False,2,False,False,False
T001249,C00503,227.76,travel,2,standard,False,1,False,False,False
T001250,C00027,148.05,crypto,11,standard,False,3,False,False,False
T001251,C00042,36.53,groceries,22,standard,False,2,False,False,False
T001252,C00487,113.34,travel,3,high,False,1,False,False,False
T001253,C00156,136.98,travel,19,standard,False,0,False,False,False
T001254,C00599,57.68,cash,0,standard,True,1,False,False,True
T001255,C00655,164.32,electronics,0,standard,False,5,False,False,False
T001256,C00189,37.33,cash,7,standard,False,2,False,False,False
T001257,C00320,143.14,electronics,9,standard,False,2,False,True,False
T001258,C00728,259.14,travel,16,standard,False,3,False,False,False
T001259,C00520,127.25,travel,13,standard,False,4,False,False,False
T001260,C00646,32.76,electronics,21,standard,False,2,False,False,False
T001261,C00331,133.87,electronics,20,high,False,1,False,False,False
T001262,C00474,200.09,travel,1,high,False,4,False,False,False
T001263,C00137,173.85,utilities,3,standard,False,3,False,True,False
T001264,C00523,31.95,cash,19,standard,False,0,False,False,False
T001265,C00400,80.67,utilities,4,standard,False,0,False,False,False
T001266,C00041,91.05,crypto,4,high,False,5,False,False,False
T001267,C00355,2033.92,groceries,4,standard,False,2,False,False,False
T001268,C00006,176.14,electronics,23,standard,False,1,False,False,False
T001269,C00012,67.95,travel,17,high,False,3,False,False,False
T001270,C00245,292.31,electronics,6,high,False,3,False,False,False
T001271,C00606,69.32,cash,20,standard,True,1,False,False,False
T001272,C00120,87.05,utilities,12,high,True,5,False,False,False
T001273,C00288,474.59,utilities,14,standard,False,3,False,False,False
T001274,C00124,336.53,utilities,18,standard,False,3,False,False,False
T001275,C00715,123.47,crypto,11,standard,False,1,False,True,False
T001276,C00360,40.62,electronics,1,high,False,1,False,False,False
T001277,C00263,3.95,travel,16,standard,False,5,False,False,False
T001278,C00621,99.99,cash,1,standard,False,4,False,False,False
T001279,C00192,32.78,groceries,18,standard,False,2,False,False,False
T001280,C00065,269.0,crypto,18,standard,False,6,False,False,False
T001281,C00379,290.26,crypto,18,standard,False,1,False,False,False
T001282,C00586,23.2,utilities,4,standard,False,1,False,True,False
T001283,C00470,22.27,travel,10,standard,False,1,False,False,False
T001284,C00275,55.21,cash,5,standard,False,1,False,False,False
T001285,C00421,96.08,cash,22,standard,False,1,False,False,False
T001286,C00289,227.05,cash,1,standard,False,0,False,False,False
T001287,C00491,21.39,travel,18,standard,True,1,False,False,False
T001288,C00367,9.03,travel,14,high,False,4,False,False,False
T001289,C00430,58.11,travel,21,standard,False,1,False,False,False
T001290,C00154,46.15,travel,7,standard,False,1,False,False,False
T001291,C00418,68.27,travel,6,standard,False,4,False,False,False
T001292,C00544,344.49,electronics,5,standard,False,1,False,False,False
T001293,C00337,44.15,utilities,12,standard,False,3,False,False,False
T001294,C00219,222.75,cash,22,standard,True,5,False,False,False
T001295,C00601,60.16,crypto,19,standard,False,2,False,False,False
T001296,C00520,126.02,cash,13,high,False,0,False,False,False
T001297,C00122,188.35,crypto,1,standard,True,1,False,False,False
T001298,C00237,67.56,groceries,2,standard,False,2,False,False,False
T001299,C00703,13.8,crypto,8,standard,False,3,False,False,False
T001300,C00306,25.75,travel,15,high,False,3,False,False,False
T001301,C00456,61.03,cash,7,standard,False,4,False,False,False
T001302,C00384,14.67,electronics,9,high,False,5,False,False,False
T001303,C00248,17.34,cash,11,standard,False,3,False,False,False
T001304,C00741,41.28,crypto,3,standard,False,3,False,False,False
T001305,C00718,24.65,crypto,0,high,False,2,False,False,False
T001306,C00426,156.65,groceries,0,standard,False,0,False,False,False
T001307,C00173,151.76,travel,11,standard,False,3,False,False,False
T001308,C00480,4.8,electronics,7,standard,False,1,False,False,False
T001309,C00187,132.94,travel,22,standard,False,2,False,False,False
T001310,C00371,32.45,cash,3,standard,False,3,False,False,False
T001311,C00621,57.35,travel,0,standard,True,0,False,False,False
T001312,C00463,314.13,electronics,10,standard,False,2,False,False,False
T001313,C00192,83.41,cash,14,standard,False,4,False,False,False
T001314,C00032,54.06,electronics,10,standard,False,2,False,False,False
T001315,C00306,29.27,travel,9,standard,False,0,False,False,False
T001316,C00518,84.76,cash,12,standard,False,1,False,False,False
T001317,C00586,135.03,cash,8,standard,False,1,False,False,False
T001318,C00554,180.11,groceries,2,standard,False,0,False,False,False
T001319,C00634,44.65,electronics,12,standard,False,1,False,False,False
T001320,C00258,608.31,travel,23,high,False,2,False,False,False
T001321,C00665,68.61,utilities,13,standard,False,2,False,False,False
T001322,C00254,527.64,travel,4,standard,False,2,False,False,False
T001323,C00703,85.99,crypto,9,standard,False,2,False,False,False
T001324,C00310,474.55,crypto,2,standard,False,1,False,False,False
T001325,C00222,449.59,groceries,11,standard,False,1,False,False,False
T001326,C00588,33.7,electronics,20,standard,False,0,False,False,False
T001327,C00710,67.35,travel,3,standard,True,4,False,False,False
T001328,C00366,66.23,utilities,1,standard,False,5,False,False,False
T001329,C00705,175.1,groceries,2,standard,False,3,False,False,False
T001330,C00301,31.45,travel,19,standard,False,5,False,False,False
T001331,C00353,23.44,utilities,8,standard,False,1,False,False,False
T001332,C00124,2055.0,cash,1,standard,False,2,False,False,False
T001333,C00330,181.14,electronics,1,standard,True,2,False,False,False
T001334,C00557,290.87,cash,18,high,False,2,False,False,False
T001335,C00278,103.46,utilities,12,standard,False,2,False,True,False
T001336,C00325,121.92,electronics,15,standard,True,4,False,False,True
T001337,C00424,190.74,cash,22,standard,False,2,False,False,False
T001338,C00629,116.95,electronics,17,high,False,2,False,False,False
T001339,C00075,66.99,cash,9,standard,False,5,False,False,False
T001340,C00624,61.7,utilities,14,high,False,1,False,False,False
T001341,C00182,387.34,groceries,12,high,False,3,False,False,False
T001342,C00045,40.12,electronics,9,standard,False,1,False,False,False
T001343,C00741,173.96,groceries,22,standard,False,1,False,False,False
T001344,C00394,93.22,travel,21,standard,True,2,False,False,False
T001345,C00272,65.8,crypto,15,standard,False,3,False,False,False
T001346,C00291,209.06,crypto,8,standard,False,3,False,False,False
T001347,C00095,52.46,travel,8,standard,False,0,False,False,False
T001348,C00682,8.42,cash,1,high,False,3,False,False,False
T001349,C00253,211.34,crypto,12,standard,False,3,False,False,False
T001350,C00713,98.89,utilities,17,standard,True,4,False,False,False
T001351,C00396,122.64,crypto,5,standard,False,1,False,False,False
T001352,C00279,271.41,cash,0,standard,False,1,False,True,False
T001353,C00324,72.65,crypto,0,standard,False,3,False,False,False
T001354,C00323,325.54,utilities,1,standard,True,4,False,False,False
T001355,C00624,60.38,groceries,0,standard,False,2,False,False,False
T001356,C00318,865.71,groceries,2,standard,False,5,False,False,False
T001357,C00105,21.1,crypto,20,standard,True,3,False,True,False
T001358,C00437,74.93,groceries,2,standard,False,2,False,False,False
T001359,C00168,55.09,cash,2,standard,False,2,False,False,False
T001360,C00141,18.89,travel,22,high,False,0,False,True,False
T001361,C00115,24.83,crypto,1,high,False,2,False,False,False
T001362,C00183,72.19,cash,0,standard,False,4,False,False,False
T001363,C00179,10.67,cash,7,standard,False,1,False,False,False
T001364,C00634,67.47,utilities,3,high,False,0,False,False,False
T001365,C00567,154.0,utilities,11,standard,True,5,False,False,False
T001366,C00132,19.95,crypto,12,high,False,6,False,False,True
T001367,C00522,28.09,travel,7,high,False,4,False,True,False
T001368,C00416,13.56,electronics,17,high,False,2,False,True,False
T001369,C00060,39.16,cash,21,standard,False,1,False,False,False
T001370,C00087,53.37,utilities,21,standard,False,0,False,False,False
T001371,C00183,26.51,crypto,16,standard,False,1,False,False,False
T001372,C00191,29.26,travel,9,standard,False,3,False,True,False
T001373,C00401,76.68,electronics,8,standard,True,2,False,False,False
T001374,C00352,96.31,cash,8,standard,False,2,False,True,False
T001375,C00178,17.52,cash,10,high,False,1,False,False,False
T001376,C00215,36.62,cash,16,standard,False,5,False,False,False
T001377,C00132,29.87,travel,20,standard,False,0,False,False,False
T001378,C00500,11.18,groceries,21,standard,False,1,False,False,False
T001379,C00680,60.67,groceries,9,standard,False,2,False,False,False
T001380,C00102,101.92,electronics,18,standard,False,1,False,False,False
T001381,C00367,83.85,travel,1,standard,False,0,False,True,False
T001382,C00335,25.09,travel,6,standard,False,3,False,False,False
T001383,C00441,212.52,electronics,14,standard,False,0,False,True,False
T001384,C00421,160.09,utilities,14,standard,False,3,False,False,False
T001385,C00452,30.49,travel,13,standard,False,0,False,False,False
T001386,C00264,45.51,crypto,5,high,False,1,False,False,False
T001387,C00204,168.92,groceries,22,high,True,3,False,False,False
T001388,C00517,38.38,crypto,16,standard,True,3,False,False,False
T001389,C00621,225.4,travel,8,high,False,4,False,False,False
T001390,C00389,343.56,groceries,13,standard,False,3,False,False,False
T001391,C00609,61.67,utilities,17,standard,True,3,False,False,False
T001392,C00475,70.83,travel,18,standard,False,3,False,False,False
T001393,C00200,69.66,travel,7,standard,False,2,False,False,False
T001394,C00298,278.97,crypto,1,standard,False,2,False,False,False
T001395,C00227,171.5,cash,22,standard,False,1,False,False,False
T001396,C00577,22.49,crypto,18,standard,False,5,False,True,False
T001397,C00658,15.55,cash,5,standard,False,1,False,False,False
T001398,C00598,34.19,cash,20,standard,False,1,False,False,False
T001399,C00075,46.92,electronics,12,standard,False,1,False,False,False
T001400,C00578,22.62,electronics,6,standard,False,3,False,False,False
T001401,C00154,174.35,utilities,13,standard,False,2,False,False,False
T001402,C00377,73.99,electronics,18,high,False,2,False,False,False
T001403,C00536,180.85,crypto,22,standard,False,2,False,False,False
T001404,C00073,200.41,travel,14,standard,False,3,False,False,False
T001405,C00224,25.66,crypto,13,standard,False,5,False,False,False
T001406,C00602,612.83,travel,11,standard,False,4,False,False,False
T001407,C00255,391.17,electronics,10,standard,False,1,False,False,False
T001408,C00428,54.82,groceries,6,high,False,0,False,False,False
T001409,C00288,26.97,cash,3,standard,False,5,False,False,False
T001410,C00506,28.07,groceries,21,standard,False,3,False,False,False
T001411,C00371,119.63,electronics,3,standard,False,1,False,False,False
T001412,C00474,37.92,cash,4,standard,False,2,False,False,False
T001413,C00221,93.83,groceries,17,standard,False,1,False,False,False
T001414,C00572,469.89,travel,21,standard,True,2,False,False,False
T001415,C00270,62.12,groceries,10,standard,False,3,False,False,False
T001416,C00052,46.34,cash,5,standard,False,0,False,False,False
T001417,C00114,107.6,crypto,1,standard,False,2,False,False,False
T001418,C00051,94.32,travel,15,standard,False,5,False,False,False
T001419,C00064,22.27,electronics,14,standard,False,6,False,False,False
T001420,C00322,9.78,crypto,13,high,False,4,False,False,False
T001421,C00441,54.02,travel,1,standard,False,6,False,True,False
T001422,C00061,42.13,electronics,18,standard,False,1,False,False,False
T001423,C00401,38.54,electronics,14,standard,False,2,False,True,False
T001424,C00627,68.91,travel,23,standard,False,2,False,False,False
T001425,C00214,109.91,utilities,18,standard,False,2,False,False,False
T001426,C00246,26.47,groceries,4,standard,False,1,False,False,False
T001427,C00573,148.43,travel,10,standard,False,3,False,False,False
T001428,C00026,26.64,travel,0,standard,False,1,False,True,False
T001429,C00704,55.77,groceries,22,standard,False,3,False,False,False
T001430,C00127,84.18,utilities,6,standard,False,2,False,False,False
T001431,C00498,150.93,utilities,15,standard,False,3,False,True,False
T001432,C00688,261.75,groceries,3,standard,False,4,False,False,False
T001433,C00602,109.11,groceries,11,standard,False,2,False,True,False
T001434,C00097,64.21,cash,23,standard,False,2,False,False,False
T001435,C00516,107.05,groceries,20,standard,False,2,False,False,False
T001436,C00016,104.96,groceries,4,standard,False,2,False,False,False
T001437,C00060,33.92,groceries,1,standard,False,3,False,False,False
T001438,C00340,69.03,groceries,3,standard,False,1,False,True,False
T001439,C00244,48.93,cash,10,standard,False,3,False,False,False
T001440,C00630,93.46,crypto,1,standard,False,1,False,False,False
T001441,C00462,11.19,crypto,3,standard,False,4,False,False,False
T001442,C00532,14.67,groceries,21,standard,False,1,False,False,False
T001443,C00484,6.27,crypto,22,high,False,2,False,False,False
T001444,C00458,163.16,electronics,13,standard,False,0,False,False,False
T001445,C00482,43.78,groceries,18,standard,False,1,False,False,False
T001446,C00168,67.44,electronics,15,standard,False,3,False,False,False
T001447,C00260,8.27,electronics,14,standard,False,2,False,False,False
T001448,C00242,124.18,electronics,20,high,False,0,False,False,False
T001449,C00586,88.73,electronics,6,standard,False,1,False,False,False
T001450,C00603,293.72,utilities,19,standard,False,2,False,False,False
T001451,C00026,357.49,groceries,20,standard,False,3,False,False,False
T001452,C00645,107.07,travel,20,standard,False,2,False,False,False
T001453,C00238,79.36,utilities,12,standard,False,3,False,False,False
T001454,C00537,99.26,travel,23,standard,False,1,False,False,False
T001455,C00599,62.65,utilities,0,standard,False,2,False,False,False
T001456,C00447,50.75,electronics,7,standard,False,1,False,False,False
T001457,C00415,69.11,electronics,6,standard,False,3,False,False,False
T001458,C00321,87.21,electronics,16,standard,False,1,False,False,False
T001459,C00109,30.07,crypto,13,standard,False,4,False,False,False
T001460,C00279,48.59,cash,5,standard,False,5,False,False,False
T001461,C00252,524.09,utilities,21,standard,False,2,False,False,False
T001462,C00660,39.44,crypto,22,standard,False,1,False,False,False
T001463,C00599,44.22,electronics,15,standard,False,0,False,False,False
T001464,C00713,112.64,groceries,12,standard,False,5,False,False,False
T001465,C00217,25.39,travel,15,standard,False,0,False,False,False
T001466,C00449,45.13,crypto,19,standard,False,0,False,True,False
T001467,C00134,14.04,cash,2,high,False,3,False,False,False
T001468,C00528,63.02,crypto,20,standard,False,3,False,False,False
T001469,C00446,24.48,crypto,15,standard,False,2,False,False,False
T001470,C00484,7.17,travel,7,standard,False,1,False,False,False
T001471,C00656,103.97,groceries,1,standard,False,2,False,False,False
T001472,C00547,152.3,cash,14,standard,False,3,False,True,True
T001473,C00254,53.22,utilities,22,standard,False,1,False,False,False
T001474,C00465,518.35,crypto,2,standard,False,4,False,False,False
T001475,C00325,10.51,groceries,22,standard,False,0,False,False,False
T001476,C00685,12.44,cash,12,standard,False,3,False,False,True
T001477,C00681,74.31,travel,19,standard,False,2,False,False,False
T001478,C00192,190.95,utilities,3,standard,True,2,False,False,False
T001479,C00148,58.39,utilities,20,standard,False,3,False,False,False
T001480,C00205,42.18,crypto,18,standard,False,0,False,False,False
T001481,C00722,20.79,crypto,18,standard,False,2,False,False,False
T001482,C00149,510.96,groceries,18,standard,False,1,False,True,False
T001483,C00516,36.18,electronics,14,standard,False,2,False,False,False
T001484,C00300,137.63,cash,11,standard,False,4,False,False,False
T001485,C00652,87.99,groceries,14,standard,False,1,False,False,False
T001486,C00146,14.14,utilities,20,standard,False,1,False,True,False
T001487,C00364,172.97,groceries,21,standard,False,6,False,False,False
T001488,C00210,33.43,crypto,10,standard,False,2,False,False,False
T001489,C00098,107.5,cash,19,standard,False,2,False,False,False
T001490,C00672,123.09,crypto,9,standard,False,1,False,False,False
T001491,C00707,55.61,groceries,15,standard,False,0,False,False,False
T001492,C00432,456.22,cash,18,standard,False,3,False,False,False
T001493,C00447,320.32,cash,7,high,False,2,False,False,False
T001494,C00210,64.2,utilities,5,high,False,2,False,False,False
T001495,C00653,175.72,utilities,12,standard,False,2,False,False,False
T001496,C00197,282.54,utilities,18,standard,False,3,False,False,False
T001497,C00746,511.44,utilities,11,high,False,2,False,False,True
T001498,C00620,50.31,utilities,8,standard,True,4,False,False,False
T001499,C00242,685.75,groceries,7,standard,False,3,False,False,False
T001500,C00110,26.17,cash,10,standard,False,1,False,False,False
T001501,C00509,18.73,cash,18,high,False,3,False,False,False
T001502,C00712,147.25,groceries,0,standard,False,2,False,False,False
T001503,C00603,24.22,utilities,18,standard,False,2,False,False,False
T001504,C00300,466.8,travel,11,standard,False,1,False,False,False
T001505,C00718,8.69,groceries,0,high,False,4,False,True,False
T001506,C00263,69.89,groceries,13,standard,False,2,False,False,False
T001507,C00361,141.63,groceries,13,standard,False,2,False,False,False
T001508,C00321,10.88,utilities,14,standard,False,3,False,False,False
T001509,C00128,224.04,electronics,10,standard,False,2,False,False,False
T001510,C00590,13.85,groceries,18,standard,False,3,False,False,False
T001511,C00086,100.57,electronics,20,standard,False,6,False,False,False
T001512,C00257,88.54,crypto,10,standard,False,3,False,True,False
T001513,C00332,89.71,electronics,14,standard,False,3,False,False,False
T001514,C00129,176.75,travel,18,high,False,3,False,False,False
T001515,C00441,172.41,travel,16,standard,False,0,False,False,False
T001516,C00406,27.94,electronics,4,standard,False,1,False,False,False
T001517,C00382,24.64,travel,14,standard,False,5,False,False,False
T001518,C00124,77.05,crypto,17,standard,True,2,False,False,False
T001519,C00130,10.9,cash,2,high,False,2,False,False,False
T001520,C00380,301.44,travel,3,standard,False,4,False,False,True
T001521,C00429,56.49,travel,20,standard,False,2,False,False,False
T001522,C00054,935.7,travel,21,standard,False,1,False,False,False
T001523,C00540,130.18,cash,13,standard,False,4,False,False,False
T001524,C00566,35.19,utilities,0,standard,False,3,False,False,False
T001525,C00251,22.44,groceries,4,standard,False,1,False,False,False
T001526,C00512,288.45,electronics,2,standard,False,0,False,False,False
T001527,C00073,1.91,electronics,7,standard,False,5,False,False,False
T001528,C00619,42.47,travel,3,standard,False,3,False,False,False
T001529,C00716,721.77,crypto,6,standard,False,1,False,False,False
T001530,C00113,64.42,travel,18,standard,False,2,False,False,False
T001531,C00239,147.57,utilities,15,standard,False,3,False,False,False
T001532,C00023,68.8,electronics,7,standard,False,2,False,True,False
T001533,C00437,129.19,groceries,7,standard,False,2,False,False,False
T001534,C00527,27.86,electronics,7,high,False,3,False,False,False
T001535,C00160,76.41,electronics,10,standard,False,1,False,False,False
T001536,C00365,277.63,utilities,0,standard,False,4,False,False,False
T001537,C00324,69.57,cash,4,standard,False,2,False,False,False
T001538,C00527,80.91,crypto,19,standard,True,1,False,False,False
T001539,C00472,271.17,crypto,6,standard,False,3,False,False,False
T001540,C00008,225.89,crypto,15,standard,False,3,False,True,False
T001541,C00280,87.91,crypto,18,high,False,1,False,False,False
T001542,C00385,28.88,travel,18,high,False,1,False,False,False
T001543,C00655,21.11,crypto,14,standard,False,2,False,False,False
T001544,C00022,89.38,cash,21,standard,False,1,False,False,False
T001545,C00518,72.67,utilities,13,standard,False,3,False,False,False
T001546,C00497,485.2,utilities,11,standard,False,2,False,False,False
T001547,C00307,2367.15,groceries,11,standard,False,0,False,False,False
T001548,C00056,442.12,crypto,6,standard,False,3,False,False,False
T001549,C00178,41.19,utilities,15,standard,False,3,False,False,False
T001550,C00579,51.92,utilities,10,high,False,2,False,True,False
T001551,C00394,12.03,electronics,4,standard,False,1,False,False,False
T001552,C00076,96.57,groceries,15,standard,False,1,False,True,False
T001553,C00677,95.58,groceries,17,standard,False,3,False,False,False
T001554,C00087,202.29,cash,1,standard,True,3,False,False,False
T001555,C00598,25.09,cash,3,standard,False,1,False,False,False
T001556,C00636,99.55,travel,16,standard,False,2,False,False,False
T001557,C00644,70.69,cash,6,standard,False,1,False,False,False
T001558,C00644,210.73,electronics,5,standard,True,2,False,False,False
T001559,C00061,14.4,travel,22,standard,False,1,False,False,False
T001560,C00368,300.62,groceries,18,standard,False,4,False,False,False
T001561,C00336,72.8,crypto,19,standard,True,3,False,False,False
T001562,C00057,66.05,travel,17,standard,False,1,False,False,False
T001563,C00660,17.96,utilities,22,standard,False,5,False,False,False
T001564,C00386,54.94,crypto,13,standard,False,4,False,False,False
T001565,C00301,95.45,groceries,9,standard,False,1,False,False,False
T001566,C00094,51.07,groceries,1,high,False,4,False,False,False
T001567,C00712,83.35,electronics,17,high,True,3,False,False,True
T001568,C00252,18.73,groceries,12,standard,False,5,False,False,False
T001569,C00185,66.37,crypto,11,standard,False,0,False,False,False
T001570,C00432,23.91,groceries,21,standard,False,4,False,False,False
T001571,C00091,8.46,utilities,19,standard,False,0,False,False,False
T001572,C00088,14.36,utilities,13,standard,False,0,False,False,False
T001573,C00523,48.86,electronics,21,standard,False,0,False,False,False
T001574,C00123,100.95,crypto,15,standard,False,1,False,False,False
T001575,C00286,73.89,groceries,0,standard,False,7,False,False,False
T001576,C00357,309.12,utilities,19,standard,True,1,False,False,False
T001577,C00177,99.46,crypto,5,standard,False,5,False,False,False
T001578,C00500,73.67,utilities,4,standard,False,6,False,False,False
T001579,C00165,39.2,cash,0,standard,False,3,False,False,False
T001580,C00444,124.9,electronics,5,standard,True,5,False,False,False
T001581,C00196,63.4,travel,21,standard,False,2,False,False,False
T001582,C00482,8.56,cash,8,standard,False,3,False,False,False
T001583,C00251,64.58,cash,12,standard,False,4,False,False,False
T001584,C00374,67.11,crypto,17,standard,False,0,False,False,False
T001585,C00407,60.13,utilities,23,high,False,2,False,False,False
T001586,C00360,1478.59,utilities,23,standard,False,4,False,False,False
T001587,C00083,139.76,groceries,8,high,False,2,False,False,False
T001588,C00201,179.72,electronics,2,standard,False,1,False,False,False
T001589,C00240,142.38,cash,6,high,False,3,False,False,False
T001590,C00065,42.58,electronics,5,standard,False,1,False,False,False
T001591,C00687,93.0,travel,0,standard,False,4,False,False,False
T001592,C00731,95.05,groceries,2,standard,False,2,False,False,False
T001593,C00551,97.66,crypto,22,standard,False,0,False,False,False
T001594,C00125,31.58,crypto,22,standard,False,2,False,False,False
T001595,C00458,102.61,utilities,4,standard,False,2,False,False,False
T001596,C00156,49.37,crypto,17,standard,False,1,False,False,False
T001597,C00006,18.57,utilities,21,standard,False,2,False,False,False
T001598,C00592,22.43,electronics,6,standard,True,1,False,False,False
T001599,C00454,44.37,cash,3,standard,False,4,False,False,False
T001600,C00501,64.0,electronics,14,standard,False,3,False,False,False
T001601,C00533,16.27,electronics,6,standard,False,3,False,False,False
T001602,C00476,12.1,cash,13,high,False,2,False,False,False
T001603,C00583,22.73,groceries,20,standard,False,2,False,False,False
T001604,C00307,37.54,electronics,6,standard,False,3,False,False,False
T001605,C00382,371.17,cash,9,standard,False,2,False,True,False
T001606,C00560,117.01,cash,5,standard,False,4,False,False,False
T001607,C00259,5.59,utilities,7,standard,False,2,False,True,False
T001608,C00404,37.65,travel,6,standard,False,4,False,False,False
T001609,C00031,79.25,utilities,3,standard,False,1,False,False,False
T001610,C00623,218.09,utilities,17,standard,False,1,False,False,False
T001611,C00523,60.49,electronics,13,high,False,1,False,False,False
T001612,C00703,496.02,electronics,12,standard,False,2,False,False,False
T001613,C00118,31.45,crypto,9,standard,False,0,False,True,False
T001614,C00227,689.54,electronics,23,standard,False,4,False,False,False
T001615,C00664,47.17,cash,7,high,False,0,False,False,False
T001616,C00296,64.83,cash,12,standard,False,4,False,False,False
T001617,C00338,106.74,groceries,11,high,False,2,False,False,False
T001618,C00377,39.2,travel,21,standard,False,1,False,False,False
T001619,C00077,21.01,cash,20,high,False,4,False,False,False
T001620,C00509,114.25,electronics,13,standard,False,4,False,False,False
T001621,C00439,91.16,electronics,9,standard,False,5,False,False,False
T001622,C00731,409.89,travel,13,standard,False,4,False,False,False
T001623,C00103,188.39,electronics,5,standard,False,5,False,False,False
T001624,C00646,36.34,cash,9,standard,False,4,False,False,False
T001625,C00596,133.99,electronics,21,standard,False,1,False,False,False
T001626,C00222,29.12,groceries,22,standard,False,1,False,False,False
T001627,C00002,11.46,travel,17,high,False,1,False,False,False
T001628,C00427,52.92,groceries,0,standard,False,2,False,False,False
T001629,C00121,35.67,cash,12,standard,False,1,False,False,False
T001630,C00686,31.17,crypto,20,standard,False,3,False,False,False
T001631,C00588,193.07,cash,17,standard,False,2,False,False,False
T001632,C00626,62.52,utilities,17,standard,False,2,False,False,False
T001633,C00341,23.42,utilities,14,standard,False,1,False,False,False
T001634,C00513,37.64,crypto,17,standard,False,0,False,False,False
T001635,C00565,85.74,utilities,13,standard,False,2,False,False,True
T001636,C00427,6.49,travel,12,standard,False,5,False,False,False
T001637,C00736,108.02,crypto,2,standard,False,1,False,False,False
T001638,C00427,81.98,travel,20,standard,False,4,False,False,False
T001639,C00316,107.69,crypto,20,standard,False,0,False,False,False
T001640,C00494,277.37,electronics,9,standard,False,2,False,False,False
T001641,C00027,264.17,travel,11,standard,False,2,False,False,False
T001642,C00444,38.75,utilities,19,standard,True,6,False,False,False
T001643,C00307,220.56,crypto,16,standard,False,7,False,False,False
T001644,C00061,80.64,travel,14,high,False,3,False,False,False
T001645,C00419,17.54,groceries,22,standard,False,1,False,False,False
T001646,C00157,62.97,electronics,15,standard,False,1,False,False,False
T001647,C00741,54.57,electronics,13,standard,False,2,False,False,False
T001648,C00499,110.76,travel,6,standard,False,3,False,True,False
T001649,C00126,26.97,travel,4,standard,False,1,False,False,False
T001650,C00159,26.1,crypto,13,high,False,3,False,False,True
T001651,C00669,92.68,groceries,15,standard,False,3,False,False,False
T001652,C00210,29.54,travel,6,standard,False,2,False,False,False
T001653,C00395,39.48,crypto,4,standard,False,4,False,False,False
T001654,C00143,30.93,cash,6,standard,False,4,False,False,False
T001655,C00586,96.81,travel,20,standard,False,1,False,False,False
T001656,C00583,82.8,electronics,16,standard,False,3,False,False,False
T001657,C00296,40.56,groceries,12,high,False,4,False,False,False
T001658,C00214,2.75,crypto,6,standard,False,5,False,False,False
T001659,C00352,137.67,cash,7,standard,False,3,False,False,False
T001660,C00494,23.21,utilities,10,standard,True,2,False,False,False
T001661,C00538,74.58,utilities,16,standard,False,1,False,False,False
T001662,C00490,37.23,travel,15,standard,False,0,False,False,False
T001663,C00718,8.56,cash,18,high,False,1,False,False,False
T001664,C00321,114.33,crypto,23,standard,False,2,False,False,False
T001665,C00722,35.86,groceries,9,standard,False,2,False,False,False
T001666,C00428,57.83,cash,11,standard,False,4,False,False,False
T001667,C00165,72.36,cash,18,standard,False,1,False,False,False
T001668,C00453,814.45,groceries,11,standard,False,1,False,False,False
T001669,C00488,36.74,cash,11,standard,False,2,False,False,False
T001670,C00439,45.21,utilities,16,standard,False,2,False,False,False
T001671,C00427,30.66,travel,10,standard,False,4,False,False,False
T001672,C00205,45.76,cash,19,standard,False,5,False,False,False
T001673,C00236,86.64,travel,15,standard,False,0,False,False,False
T001674,C00398,47.62,cash,21,standard,False,2,False,False,False
T001675,C00386,77.01,utilities,12,standard,False,3,False,False,False
T001676,C00520,61.61,travel,8,standard,False,1,False,False,False
T001677,C00539,56.24,travel,5,standard,False,2,False,False,False
T001678,C00436,53.03,electronics,2,standard,False,4,False,False,False
T001679,C00638,980.94,travel,21,standard,True,3,False,False,False
T001680,C00472,26.99,electronics,23,standard,False,0,False,False,False
T001681,C00467,67.2,groceries,2,standard,False,0,False,False,False
T001682,C00312,22.73,utilities,22,high,False,3,False,False,False
T001683,C00692,136.08,travel,3,standard,False,1,False,False,False
T001684,C00092,137.14,electronics,23,standard,False,4,False,False,False
T001685,C00357,56.57,travel,14,standard,False,3,False,False,False
T001686,C00050,22.44,groceries,11,standard,False,3,False,False,False
T001687,C00479,147.19,groceries,10,high,False,1,False,False,False
T001688,C00556,263.49,crypto,14,standard,False,3,False,False,False
T001689,C00740,11.24,travel,15,high,False,4,False,False,False
T001690,C00280,28.07,utilities,18,high,False,2,False,False,False
T001691,C00552,57.62,groceries,21,standard,False,1,False,False,False
T001692,C00215,63.43,utilities,23,high,False,1,False,False,False
T001693,C00142,69.26,cash,7,standard,False,1,False,False,False
T001694,C00657,140.46,crypto,5,standard,False,1,False,False,False
T001695,C00202,47.62,travel,21,standard,False,3,False,True,False
T001696,C00226,64.61,travel,11,standard,False,3,False,False,False
T001697,C00679,143.08,cash,4,standard,False,2,False,False,False
T001698,C00645,49.2,travel,21,high,False,1,False,False,False
T001699,C00119,350.89,travel,4,standard,True,3,False,False,False
T001700,C00327,86.55,travel,23,standard,False,2,False,True,False
T001701,C00391,226.12,cash,0,standard,False,3,False,True,False
T001702,C00449,106.74,travel,17,standard,False,0,False,False,False
T001703,C00314,185.58,electronics,10,standard,False,2,False,False,False
T001704,C00268,86.11,travel,22,standard,False,1,False,True,False
T001705,C00240,98.73,electronics,22,standard,False,1,False,False,False
T001706,C00704,138.56,utilities,4,standard,False,2,False,False,False
T001707,C00291,52.84,crypto,11,standard,True,2,False,False,False
T001708,C00014,484.39,utilities,4,high,False,3,False,False,False
T001709,C00601,41.35,utilities,4,standard,False,1,False,False,False
T001710,C00582,332.64,electronics,10,standard,False,1,False,False,False
T001711,C00264,61.4,travel,3,standard,False,2,False,False,False
T001712,C00489,241.91,cash,22,standard,False,0,False,False,False
T001713,C00461,155.65,travel,22,high,False,0,False,False,False
T001714,C00143,360.3,groceries,20,standard,False,1,False,False,False
T001715,C00395,2291.82,cash,23,standard,False,1,False,False,False
T001716,C00215,1442.6,groceries,16,standard,False,5,False,False,False
T001717,C00556,61.4,utilities,13,high,False,1,False,True,False
T001718,C00033,104.76,crypto,4,standard,False,0,False,False,False
T001719,C00150,41.61,groceries,15,standard,False,3,False,False,False
T001720,C00139,119.07,crypto,7,standard,False,1,False,False,False
T001721,C00179,24.02,travel,18,high,False,0,False,False,False
T001722,C00114,144.6,utilities,20,standard,False,5,False,False,False
T001723,C00582,19.0,utilities,0,standard,True,2,False,False,False
T001724,C00150,480.64,cash,15,standard,False,3,False,False,False
T001725,C00279,60.17,groceries,13,standard,False,2,False,False,False
T001726,C00497,23.04,electronics,10,standard,False,0,False,False,False
T001727,C00071,49.77,crypto,1,standard,False,3,False,False,False
T001728,C00402,98.2,crypto,22,high,False,2,False,False,False
T001729,C00694,24.32,groceries,5,standard,False,2,False,False,False
T001730,C00389,500.8,groceries,3,standard,True,5,False,False,False
T001731,C00741,131.28,utilities,11,high,False,4,False,False,False
T001732,C00026,44.76,groceries,12,standard,False,1,False,False,False
T001733,C00359,20.74,travel,21,standard,False,3,False,False,False
T001734,C00217,102.55,travel,23,standard,False,5,False,False,False
T001735,C00152,126.61,utilities,15,standard,False,1,False,False,False
T001736,C00640,180.85,cash,0,standard,False,4,False,False,False
T001737,C00538,70.93,electronics,16,standard,False,1,False,False,False
T001738,C00593,30.15,groceries,7,standard,False,1,False,False,False
T001739,C00005,195.55,electronics,9,standard,False,2,False,False,False
T001740,C00200,67.73,utilities,2,standard,False,2,False,False,False
T001741,C00684,26.38,cash,0,standard,False,1,False,False,False
T001742,C00150,77.61,crypto,2,high,False,2,False,False,False
T001743,C00662,62.13,electronics,9,standard,False,5,False,False,False
T001744,C00505,45.84,crypto,13,standard,False,1,False,False,False
T001745,C00278,165.3,travel,15,standard,False,2,False,True,False
T001746,C00444,4.2,travel,5,standard,False,1,False,False,False
T001747,C00469,172.09,cash,9,high,False,2,False,False,False
T001748,C00020,45.98,travel,15,standard,False,0,False,True,False
T001749,C00207,41.31,electronics,11,standard,False,2,False,False,False
T001750,C00022,47.47,electronics,2,standard,False,1,False,False,False
T001751,C00339,101.76,cash,18,standard,False,1,False,False,False
T001752,C00703,18.98,crypto,21,standard,False,3,False,False,False
T001753,C00118,64.45,electronics,3,standard,True,2,False,False,False
T001754,C00526,214.34,cash,6,standard,False,3,False,False,False
T001755,C00082,170.26,travel,21,standard,False,0,False,False,False
T001756,C00186,22.46,utilities,9,standard,False,0,False,False,False
T001757,C00054,29.65,utilities,6,high,True,1,False,False,False
T001758,C00610,14.33,utilities,3,standard,False,0,False,False,False
T001759,C00489,15.05,cash,22,standard,False,2,False,True,False
T001760,C00623,181.15,groceries,10,standard,False,2,False,False,False
T001761,C00443,200.4,electronics,13,standard,False,0,False,False,False
T001762,C00473,18.54,crypto,0,standard,False,3,False,False,False
T001763,C00665,577.17,cash,8,standard,False,1,False,False,False
T001764,C00325,319.92,crypto,3,standard,False,6,False,False,True
T001765,C00741,139.66,cash,16,standard,False,1,False,False,False
T001766,C00292,45.82,cash,22,standard,False,2,False,False,False
T001767,C00322,41.17,crypto,18,standard,False,2,False,False,False
T001768,C00190,178.89,crypto,6,standard,False,2,False,False,False
T001769,C00516,132.84,groceries,3,standard,False,0,False,False,False
T001770,C00271,14.52,travel,9,standard,False,3,False,False,False
T001771,C00091,94.9,electronics,14,standard,False,2,False,False,False
T001772,C00238,92.62,cash,0,standard,False,0,False,False,False
T001773,C00345,338.82,travel,16,standard,False,1,False,False,False
T001774,C00474,28.89,crypto,11,standard,False,2,False,False,False
T001775,C00023,50.98,electronics,0,standard,False,4,False,False,False
T001776,C00027,60.1,groceries,15,standard,False,3,False,False,False
T001777,C00141,59.72,electronics,18,high,True,5,False,False,False
T001778,C00352,38.06,utilities,21,standard,False,3,False,False,False
T001779,C00462,324.9,utilities,3,standard,False,2,False,False,False
T001780,C00373,28.2,cash,14,standard,False,1,False,False,False
T001781,C00041,41.32,cash,20,standard,False,1,False,False,False
T001782,C00183,25.19,crypto,9,standard,True,1,False,False,False
T001783,C00404,54.03,utilities,7,standard,False,1,False,False,False
T001784,C00529,231.48,utilities,13,standard,True,4,False,False,False
T001785,C00269,89.71,groceries,0,standard,False,1,False,False,False
T001786,C00627,166.56,cash,6,standard,False,2,False,False,False
T001787,C00583,140.34,utilities,1,standard,False,3,False,False,False
T001788,C00159,60.27,crypto,17,standard,False,0,False,False,False
T001789,C00607,10.08,cash,12,standard,False,0,False,False,False
T001790,C00603,91.29,cash,10,standard,False,2,False,False,False
T001791,C00169,70.42,travel,17,standard,False,2,False,False,False
T001792,C00453,55.86,groceries,14,standard,False,6,False,False,False
T001793,C00553,44.39,crypto,10,standard,False,2,False,False,False
T001794,C00505,57.35,electronics,11,standard,False,2,False,False,False
T001795,C00145,33.53,crypto,4,standard,False,3,False,False,False
T001796,C00172,30.65,utilities,19,standard,True,0,False,False,False
T001797,C00104,36.27,utilities,17,standard,False,1,False,False,False
T001798,C00564,93.29,travel,6,high,False,2,False,False,False
T001799,C00003,476.74,groceries,18,standard,False,2,False,False,False
T001800,C00391,145.9,travel,2,standard,False,2,False,False,False
T001801,C00493,9.15,utilities,8,standard,False,0,False,False,False
T001802,C00269,86.59,travel,19,high,False,0,False,False,False
T001803,C00725,131.53,groceries,9,standard,False,2,False,False,False
T001804,C00454,187.04,utilities,17,standard,False,0,False,False,False
T001805,C00531,39.58,groceries,15,standard,False,2,False,False,False
T001806,C00551,13.4,groceries,7,standard,False,0,False,True,False
T001807,C00574,187.5,travel,19,standard,False,2,False,False,False
T001808,C00466,45.7,travel,13,standard,False,1,False,False,False
T001809,C00647,575.61,travel,4,high,False,3,False,False,False
T001810,C00477,21.01,electronics,20,standard,False,3,False,False,False
T001811,C00376,669.36,travel,20,standard,False,2,False,False,False
T001812,C00129,20.23,electronics,18,standard,False,1,False,False,False
T001813,C00281,638.3,electronics,15,standard,False,2,False,False,False
T001814,C00616,96.94,crypto,10,standard,False,5,False,False,False
T001815,C00066,225.59,travel,3,standard,False,2,False,False,False
T001816,C00639,150.34,groceries,4,standard,False,3,False,False,False
T001817,C00230,266.67,utilities,12,standard,False,2,False,False,False
T001818,C00142,116.67,utilities,17,standard,False,1,False,False,False
T001819,C00383,206.86,groceries,1,standard,True,3,False,False,False
T001820,C00558,23.38,electronics,8,standard,False,2,False,False,False
T001821,C00637,74.72,crypto,10,standard,False,1,False,False,False
T001822,C00192,20.93,cash,3,standard,False,0,False,False,False
T001823,C00445,76.98,groceries,13,standard,False,1,False,False,False
T001824,C00152,105.95,electronics,22,standard,False,2,False,False,False
T001825,C00297,74.18,groceries,22,high,False,1,False,False,False
T001826,C00392,271.71,crypto,19,standard,False,1,False,False,False
T001827,C00232,209.06,groceries,15,standard,False,1,False,False,False
T001828,C00103,166.74,crypto,11,high,False,2,False,False,False
T001829,C00532,240.69,travel,7,standard,True,1,False,True,False
T001830,C00240,428.28,crypto,6,standard,False,3,False,False,False
T001831,C00109,35.15,groceries,13,high,False,2,False,False,False
T001832,C00648,55.56,utilities,20,standard,False,2,False,False,False
T001833,C00192,88.3,electronics,23,standard,False,3,False,False,False
T001834,C00583,28.63,groceries,23,standard,False,2,False,False,False
T001835,C00493,47.53,electronics,22,standard,False,2,False,False,False
T001836,C00677,14.93,cash,20,standard,False,1,False,False,False
T001837,C00567,21.59,travel,20,standard,False,0,False,False,False
T001838,C00700,358.84,electronics,2,high,False,3,False,False,False
T001839,C00302,60.4,utilities,0,standard,False,4,False,False,False
T001840,C00491,9.72,groceries,16,high,False,4,False,False,False
T001841,C00559,103.08,crypto,4,standard,False,2,False,False,False
T001842,C00603,51.03,groceries,23,standard,False,3,False,False,False
T001843,C00421,9.15,crypto,19,high,False,2,False,False,False
T001844,C00361,32.83,electronics,11,high,False,0,False,True,False
T001845,C00514,55.11,utilities,10,high,True,1,False,False,False
T001846,C00565,97.12,electronics,6,standard,False,2,False,False,False
T001847,C00515,39.16,utilities,4,standard,False,2,False,True,False
T001848,C00706,261.0,travel,0,standard,False,4,False,False,False
T001849,C00535,58.49,utilities,4,standard,False,0,False,False,False
T001850,C00583,999.14,crypto,6,high,False,1,False,False,False
T001851,C00073,222.46,utilities,15,standard,False,3,False,False,False
T001852,C00564,396.1,crypto,0,standard,False,1,False,False,False
T001853,C00642,322.4,electronics,3,standard,False,1,False,False,False
T001854,C00610,20.12,cash,10,standard,False,0,False,False,False
T001855,C00520,317.01,utilities,9,standard,False,2,False,False,False
T001856,C00053,1436.84,travel,11,standard,False,2,False,False,False
T001857,C00263,536.35,cash,14,standard,False,3,False,True,False
T001858,C00733,116.6,cash,4,standard,False,2,False,False,False
T001859,C00475,25.08,travel,18,standard,False,4,False,False,False
T001860,C00047,274.62,crypto,5,standard,True,0,False,False,False
T001861,C00234,46.98,cash,1,standard,False,4,False,False,False
T001862,C00743,105.31,travel,19,standard,False,3,False,True,False
T001863,C00422,215.14,utilities,20,standard,False,3,False,False,False
T001864,C00616,282.55,groceries,10,standard,False,4,False,False,False
T001865,C00377,31.97,utilities,9,standard,False,2,False,False,False
T001866,C00114,227.48,crypto,9,standard,False,5,False,False,False
T001867,C00554,140.25,travel,17,standard,False,4,False,False,False
T001868,C00133,58.11,groceries,7,standard,False,3,False,False,False
T001869,C00154,55.73,groceries,13,standard,False,3,False,False,False
T001870,C00743,120.71,cash,9,standard,True,3,False,False,False
T001871,C00178,517.14,cash,14,standard,True,0,False,False,False
T001872,C00564,51.78,cash,19,standard,False,2,False,False,False
T001873,C00138,214.23,utilities,3,standard,False,4,False,False,False
T001874,C00641,31.67,travel,19,standard,False,0,False,False,False
T001875,C00629,43.95,travel,18,standard,False,2,False,False,False
T001876,C00662,75.18,utilities,22,standard,False,1,False,False,False
T001877,C00219,68.3,crypto,13,standard,True,1,False,False,False
T001878,C00667,66.69,travel,0,standard,False,2,False,False,False
T001879,C00109,33.8,crypto,19,standard,True,2,False,False,False
T001880,C00072,38.77,utilities,6,standard,False,1,False,False,False
T001881,C00053,48.29,groceries,21,standard,False,0,False,False,False
T001882,C00180,157.87,groceries,22,standard,False,4,False,False,False
T001883,C00475,112.28,electronics,9,standard,False,1,False,False,False
T001884,C00310,178.95,utilities,20,standard,False,2,False,False,False
T001885,C00484,267.93,cash,14,standard,False,4,False,True,False
T001886,C00241,70.69,cash,20,high,False,2,False,False,False
T001887,C00421,37.1,travel,0,standard,False,6,False,False,False
T001888,C00682,33.8,crypto,22,standard,False,1,False,False,False
T001889,C00717,452.16,cash,11,standard,False,3,False,False,False
T001890,C00487,200.27,travel,7,standard,False,2,False,False,False
T001891,C00744,405.23,crypto,17,high,False,3,False,False,False
T001892,C00313,273.69,travel,11,high,False,3,False,True,True
T001893,C00433,65.82,utilities,16,standard,True,1,False,False,False
T001894,C00655,135.07,electronics,12,standard,False,0,False,False,False
T001895,C00581,88.49,travel,7,standard,False,1,False,False,False
T001896,C00448,868.71,groceries,11,standard,False,1,False,False,False
T001897,C00677,144.87,utilities,7,standard,False,2,False,False,False
T001898,C00595,442.28,electronics,14,standard,False,3,False,False,False
T001899,C00633,89.0,electronics,8,standard,False,2,False,False,False
T001900,C00030,330.75,crypto,6,standard,False,2,False,False,False
T001901,C00155,104.21,electronics,11,standard,False,2,False,False,False
T001902,C00317,39.79,utilities,22,standard,False,1,False,False,False
T001903,C00495,335.12,utilities,19,high,False,3,False,False,False
T001904,C00076,36.69,crypto,22,high,False,0,False,False,False
T001905,C00404,58.31,cash,4,standard,False,3,False,False,False
T001906,C00381,185.53,electronics,10,standard,False,3,False,False,False
T001907,C00287,123.09,electronics,5,standard,True,2,False,False,False
T001908,C00328,50.66,cash,9,standard,False,3,False,True,False
T001909,C00506,84.14,cash,23,standard,False,1,False,False,False
T001910,C00085,340.2,cash,16,standard,False,2,False,False,False
T001911,C00233,36.58,travel,1,standard,False,2,False,True,False
T001912,C00573,4.83,travel,1,standard,True,3,False,False,False
T001913,C00044,249.85,utilities,6,standard,False,1,False,False,False
T001914,C00706,44.67,travel,23,standard,False,1,False,False,False
T001915,C00505,55.83,electronics,9,standard,False,2,False,False,False
T001916,C00009,182.65,cash,21,high,False,2,False,False,False
T001917,C00093,47.87,cash,15,high,False,3,False,False,False
T001918,C00639,60.77,travel,23,standard,False,3,False,True,False
T001919,C00646,269.32,crypto,16,standard,False,1,False,False,False
T001920,C00250,157.47,cash,0,standard,False,1,False,False,False
T001921,C00256,72.97,travel,6,standard,False,3,False,False,False
T001922,C00699,31.08,groceries,23,standard,False,4,False,False,False
T001923,C00353,26.87,travel,10,standard,False,1,False,False,False
T001924,C00241,211.99,travel,4,standard,False,4,False,False,False
T001925,C00372,144.7,utilities,22,standard,False,3,False,False,False
T001926,C00446,26.94,groceries,21,standard,False,1,False,False,False
T001927,C00708,100.75,electronics,4,high,False,6,False,False,False
T001928,C00138,7.57,groceries,14,standard,False,2,False,False,False
T001929,C00480,157.58,groceries,6,high,False,1,False,False,False
T001930,C00717,103.32,electronics,9,standard,False,3,False,False,False
T001931,C00586,33.76,utilities,7,standard,False,1,False,False,False
T001932,C00199,258.94,utilities,12,standard,False,3,False,False,False
T001933,C00021,113.27,groceries,23,standard,False,2,False,True,False
T001934,C00029,51.74,crypto,1,high,False,4,False,False,False
T001935,C00746,51.1,travel,13,standard,False,1,False,False,False
T001936,C00338,53.77,utilities,16,standard,False,2,False,False,False
T001937,C00602,183.19,groceries,19,standard,False,3,False,False,False
T001938,C00215,146.28,travel,20,standard,False,5,False,False,False
T001939,C00255,45.38,utilities,23,standard,False,5,False,False,False
T001940,C00222,19.24,groceries,19,standard,False,4,False,False,False
T001941,C00359,57.34,travel,1,standard,False,1,False,False,False
T001942,C00399,109.81,cash,10,standard,False,3,False,True,False
T001943,C00327,29.61,utilities,19,standard,False,2,False,True,False
T001944,C00572,30.84,crypto,9,standard,False,0,False,False,False
T001945,C00354,60.18,crypto,0,high,False,1,False,False,False
T001946,C00738,101.76,groceries,23,standard,False,1,False,False,False
T001947,C00224,145.91,travel,12,standard,False,1,False,False,False
T001948,C00217,236.15,groceries,19,standard,False,0,False,False,False
T001949,C00189,9.68,electronics,22,standard,True,3,False,False,True
T001950,C00104,222.56,electronics,17,standard,False,3,False,False,False
T001951,C00536,107.93,crypto,17,standard,False,5,False,False,False
T001952,C00502,39.35,groceries,5,standard,False,0,False,False,False
T001953,C00393,177.7,electronics,17,standard,False,4,False,False,False
T001954,C00366,7.67,groceries,14,standard,False,3,False,False,False
T001955,C00061,9.24,travel,2,standard,False,3,False,False,False
T001956,C00718,621.33,cash,14,standard,False,3,False,False,False
T001957,C00018,16.63,groceries,18,standard,False,4,False,False,False
T001958,C00609,90.35,groceries,13,standard,False,3,False,False,False
T001959,C00501,20.88,groceries,11,standard,True,2,False,False,False
T001960,C00341,41.92,travel,22,standard,False,0,False,False,False
T001961,C00656,22.56,utilities,21,standard,False,1,False,False,False
T001962,C00257,213.04,travel,8,standard,False,1,False,True,False
T001963,C00321,7.58,electronics,17,high,False,3,False,False,False
T001964,C00290,68.15,cash,8,standard,False,1,False,False,False
T001965,C00698,22.49,groceries,8,standard,False,0,False,False,False
T001966,C00434,21.4,cash,8,standard,False,1,False,False,False
T001967,C00006,166.9,electronics,13,standard,False,1,False,False,False
T001968,C00104,24.94,utilities,21,standard,False,3,False,False,False
T001969,C00392,60.44,groceries,22,standard,True,4,False,False,True
T001970,C00094,115.29,utilities,20,standard,False,5,False,False,False
T001971,C00513,75.05,utilities,10,standard,False,1,False,False,False
T001972,C00288,141.34,groceries,21,standard,False,0,False,False,False
T001973,C00043,221.96,crypto,19,standard,False,4,False,False,False
T001974,C00452,91.83,cash,23,standard,False,5,False,False,False
T001975,C00539,48.73,groceries,19,standard,False,0,False,False,False
T001976,C00426,64.99,crypto,19,high,False,2,False,False,False
T001977,C00224,43.86,travel,22,standard,False,1,False,False,False
T001978,C00423,202.89,crypto,12,standard,False,3,False,False,False
T001979,C00416,32.04,cash,9,standard,False,2,False,False,False
T001980,C00253,102.07,travel,12,standard,False,1,False,False,False
T001981,C00111,143.82,crypto,22,standard,False,0,False,False,False
T001982,C00489,32.06,groceries,11,standard,True,2,False,False,False
T001983,C00503,12.79,travel,2,standard,False,0,False,False,False
T001984,C00235,176.71,cash,16,standard,False,3,False,False,False
T001985,C00112,77.81,utilities,14,standard,False,0,False,False,False
T001986,C00645,62.71,travel,4,standard,False,1,False,False,False
T001987,C00391,68.63,utilities,5,standard,False,1,False,True,False
T001988,C00538,85.01,electronics,14,standard,False,1,False,False,False
T001989,C00353,107.33,groceries,16,standard,False,4,False,False,False
T001990,C00174,62.54,cash,23,high,False,0,False,False,False
T001991,C00646,34.98,electronics,23,standard,False,3,False,False,False
T001992,C00450,121.67,crypto,14,standard,False,0,False,False,False
T001993,C00590,152.06,cash,22,standard,False,3,False,True,False
T001994,C00071,34.52,cash,21,high,False,3,False,False,False
T001995,C00436,8.42,utilities,7,standard,False,1,False,False,False
T001996,C00694,220.49,groceries,11,standard,False,0,False,False,False
T001997,C00056,182.9,utilities,9,standard,False,1,False,False,False
T001998,C00729,165.16,crypto,2,standard,False,3,False,False,False
T001999,C00522,43.3,cash,8,standard,False,5,False,False,False
T002000,C00684,254.83,cash,9,standard,False,2,False,True,False
T002001,C00510,116.09,travel,22,standard,True,2,False,False,False
T002002,C00066,50.47,electronics,4,standard,False,2,False,False,False
T002003,C00553,31.68,crypto,15,standard,False,4,False,False,False
T002004,C00172,447.34,cash,11,standard,False,1,False,False,False
T002005,C00466,86.61,cash,8,standard,False,1,False,False,False
T002006,C00094,70.78,cash,18,standard,False,0,False,False,False
T002007,C00374,25.32,cash,9,standard,False,1,False,False,False
T002008,C00207,164.44,travel,17,standard,False,1,False,False,False
T002009,C00409,57.15,cash,18,standard,False,1,False,False,False
T002010,C00153,490.18,cash,20,standard,False,2,False,False,False
T002011,C00458,87.11,groceries,2,standard,False,1,False,False,False
T002012,C00484,126.22,electronics,23,standard,False,1,False,True,False
T002013,C00151,28.99,electronics,14,standard,True,0,False,True,False
T002014,C00169,19.21,electronics,9,standard,False,3,False,False,False
T002015,C00204,25.83,crypto,15,standard,False,2,False,True,False
T002016,C00100,40.93,utilities,22,standard,True,2,False,False,False
T002017,C00102,16.78,utilities,22,standard,False,1,False,False,False
T002018,C00103,21.37,groceries,12,standard,False,5,False,False,False
T002019,C00005,16.66,crypto,12,standard,False,4,False,False,False
T002020,C00451,111.11,cash,22,standard,False,4,False,False,False
T002021,C00198,171.12,crypto,2,standard,False,2,False,False,False
T002022,C00221,29.75,travel,22,standard,False,1,False,False,False
T002023,C00186,358.41,groceries,0,standard,False,1,False,False,False
T002024,C00571,112.82,cash,23,standard,False,2,False,False,False
T002025,C00459,76.21,groceries,5,standard,False,1,False,False,False
T002026,C00328,96.02,electronics,6,standard,False,2,False,True,False
T002027,C00258,487.54,crypto,13,standard,False,2,False,False,True
T002028,C00241,151.77,cash,16,standard,False,2,False,False,False
T002029,C00147,246.25,travel,16,standard,False,3,False,False,False
T002030,C00353,1997.57,groceries,16,standard,False,0,False,False,False
T002031,C00711,55.46,crypto,12,standard,False,2,False,False,False
T002032,C00744,57.67,crypto,5,standard,False,2,False,False,False
T002033,C00371,120.62,crypto,18,standard,False,2,False,False,False
T002034,C00453,25.1,groceries,4,standard,True,2,False,False,False
T002035,C00370,35.32,crypto,0,standard,False,0,False,False,False
T002036,C00369,29.28,travel,1,standard,False,2,False,False,False
T002037,C00646,514.01,cash,23,standard,False,2,False,False,False
T002038,C00509,128.89,utilities,15,high,False,2,False,False,False
T002039,C00095,44.74,travel,3,standard,True,2,False,False,True
T002040,C00728,28.78,utilities,6,standard,False,0,False,False,False
T002041,C00653,157.09,utilities,18,standard,False,3,False,False,False
T002042,C00060,205.15,groceries,6,standard,False,4,False,False,False
T002043,C00168,47.68,crypto,8,standard,False,3,False,False,False
T002044,C00298,204.87,cash,5,standard,False,3,False,False,False
T002045,C00600,37.58,cash,5,standard,False,2,False,False,False
T002046,C00126,275.47,crypto,17,standard,False,0,False,False,False
T002047,C00402,130.22,cash,20,standard,False,1,False,False,False
T002048,C00187,54.97,crypto,13,standard,True,4,False,False,False
T002049,C00090,16.48,travel,22,standard,False,3,False,False,False
T002050,C00382,79.67,cash,17,high,False,3,False,False,False
T002051,C00286,125.18,cash,17,standard,False,2,False,False,False
T002052,C00618,568.79,groceries,14,standard,False,3,False,False,False
T002053,C00026,44.43,travel,7,standard,True,1,False,False,False
T002054,C00020,61.76,utilities,10,standard,False,2,False,False,False
T002055,C00319,28.33,electronics,5,standard,False,2,False,False,False
T002056,C00704,124.28,travel,11,standard,False,1,False,False,False
T002057,C00650,55.92,electronics,1,standard,True,3,False,False,False
T002058,C00119,24.27,cash,12,standard,False,0,False,False,False
T002059,C00316,50.58,travel,19,standard,False,2,False,False,False
T002060,C00671,52.38,crypto,4,standard,True,1,False,False,False
T002061,C00197,27.72,utilities,15,standard,False,3,False,False,False
T002062,C00088,95.91,crypto,10,standard,False,5,False,False,False
T002063,C00047,35.53,utilities,14,standard,False,3,False,False,False
T002064,C00258,40.97,crypto,16,standard,True,1,False,False,True
T002065,C00159,66.59,groceries,5,standard,False,0,False,False,False
T002066,C00734,11.54,crypto,19,high,False,2,False,False,False
T002067,C00049,84.02,electronics,10,standard,False,1,False,False,False
T002068,C00341,46.05,cash,16,standard,False,1,False,False,False
T002069,C00228,29.45,cash,11,standard,False,0,False,False,False
T002070,C00370,524.84,cash,1,high,False,4,False,False,False
T002071,C00216,112.84,electronics,16,standard,False,2,False,False,False
T002072,C00221,29.24,travel,9,standard,False,1,False,True,False
T002073,C00320,13.45,cash,13,standard,False,3,False,False,False
T002074,C00398,30.89,electronics,16,standard,False,5,False,True,False
T002075,C00116,296.57,cash,6,standard,False,0,False,False,False
T002076,C00377,6.25,cash,7,standard,False,3,False,False,False
T002077,C00242,110.05,travel,6,standard,False,2,False,False,False
T002078,C00327,20.4,utilities,22,standard,False,2,False,False,False
T002079,C00594,87.78,travel,11,standard,False,7,False,False,False
T002080,C00512,820.97,travel,5,standard,False,3,False,False,False
T002081,C00201,247.62,crypto,14,standard,False,1,False,False,False
T002082,C00285,104.04,electronics,17,standard,False,1,False,False,False
T002083,C00242,52.26,utilities,5,standard,False,4,False,False,False
T002084,C00474,161.99,utilities,12,standard,False,2,False,False,False
T002085,C00315,26.77,groceries,21,standard,True,2,False,False,False
T002086,C00147,22.64,crypto,6,standard,False,2,False,False,False
T002087,C00090,74.96,electronics,18,standard,False,0,False,False,False
T002088,C00592,509.96,cash,22,high,False,1,False,False,False
T002089,C00575,97.19,cash,5,standard,True,1,False,False,False
T002090,C00507,254.26,utilities,14,high,False,0,False,False,False
T002091,C00290,36.35,electronics,4,standard,True,2,False,False,False
T002092,C00321,80.87,electronics,4,standard,True,3,False,False,False
T002093,C00304,14.4,electronics,14,high,True,1,False,True,False
T002094,C00497,84.59,travel,11,standard,False,3,False,False,False
T002095,C00298,34.85,groceries,15,standard,False,4,False,False,False
T002096,C00367,268.64,crypto,19,standard,False,7,False,False,False
T002097,C00409,148.31,electronics,10,standard,False,1,False,False,False
T002098,C00082,139.28,utilities,21,standard,False,0,False,False,False
T002099,C00542,269.28,utilities,23,standard,False,2,False,False,False
T002100,C00389,46.53,cash,10,standard,False,2,False,True,False
T002101,C00654,5.61,electronics,16,standard,False,0,False,False,False
T002102,C00281,9.96,electronics,10,standard,False,1,False,False,False
T002103,C00201,67.48,cash,15,high,False,1,False,True,False
T002104,C00293,16.26,utilities,10,standard,False,1,False,False,False
T002105,C00696,28.09,travel,21,standard,False,4,False,False,False
T002106,C00004,32.87,travel,15,high,False,3,False,False,False
T002107,C00566,85.59,crypto,21,standard,False,1,False,False,False
T002108,C00004,3.06,travel,12,standard,False,4,False,False,False
T002109,C00208,130.63,utilities,6,high,False,2,False,False,False
T002110,C00212,120.02,electronics,14,standard,False,2,False,False,False
T002111,C00286,58.1,crypto,6,standard,False,2,False,False,False
T002112,C00090,54.94,utilities,2,standard,False,3,False,False,False
T002113,C00722,474.07,electronics,0,standard,False,2,False,False,False
T002114,C00208,67.05,travel,13,standard,False,2,False,False,False
T002115,C00585,4.14,electronics,23,standard,False,3,False,False,False
T002116,C00235,265.01,utilities,10,standard,False,3,False,False,False
T002117,C00282,17.58,crypto,18,high,False,3,False,False,False
T002118,C00677,66.6,electronics,1,standard,False,3,False,False,False
T002119,C00576,379.44,travel,20,standard,False,4,False,False,False
T002120,C00193,21.51,travel,22,high,False,2,False,False,False
T002121,C00118,45.54,groceries,15,standard,False,2,False,False,False
T002122,C00407,131.25,cash,4,standard,True,0,False,False,False
T002123,C00109,50.8,crypto,15,standard,False,2,False,False,False
T002124,C00133,144.79,groceries,15,standard,False,0,False,False,False
T002125,C00442,36.57,crypto,6,high,False,3,False,False,False
T002126,C00277,39.32,crypto,3,standard,False,1,False,False,False
T002127,C00670,60.44,utilities,21,standard,False,2,False,False,False
T002128,C00695,55.52,electronics,19,standard,False,4,False,True,False
T002129,C00232,105.11,crypto,11,standard,False,2,False,False,False
T002130,C00492,184.87,electronics,21,high,False,1,False,False,False
T002131,C00111,287.47,electronics,5,standard,False,0,False,False,False
T002132,C00098,15.71,crypto,20,standard,False,4,False,False,False
T002133,C00324,44.49,groceries,18,standard,False,2,False,False,False
T002134,C00564,70.31,electronics,8,standard,False,3,False,False,False
T002135,C00167,210.16,electronics,1,standard,False,1,False,False,False
T002136,C00220,177.1,cash,9,standard,False,3,False,False,False
T002137,C00511,22.96,travel,8,standard,False,1,False,False,False
T002138,C00297,625.44,electronics,8,standard,False,2,False,False,False
T002139,C00226,57.71,groceries,1,standard,False,1,False,False,False
T002140,C00236,937.36,cash,12,standard,False,1,False,False,False
T002141,C00556,29.0,crypto,17,standard,True,2,False,False,True
T002142,C00521,36.92,travel,18,standard,False,1,False,False,False
T002143,C00038,389.31,crypto,17,standard,False,1,False,False,False
T002144,C00434,43.79,groceries,20,standard,False,0,False,False,False
T002145,C00741,77.35,cash,3,high,False,2,False,False,False
T002146,C00405,254.0,groceries,7,standard,False,4,False,False,False
T002147,C00707,133.02,utilities,17,standard,False,1,False,False,False
T002148,C00461,695.92,electronics,21,standard,False,2,False,False,False
T002149,C00443,35.6,cash,9,standard,False,1,False,False,False
T002150,C00481,92.22,travel,6,standard,False,7,False,False,False
T002151,C00043,33.66,crypto,12,standard,False,0,False,False,False
T002152,C00678,166.35,utilities,22,standard,False,2,False,False,False
T002153,C00324,210.74,cash,21,standard,False,4,False,False,False
T002154,C00284,129.82,electronics,21,standard,False,2,False,False,False
T002155,C00263,22.44,groceries,16,standard,False,1,False,False,False
T002156,C00739,127.52,cash,15,standard,False,2,False,False,False
T002157,C00546,24.71,cash,21,standard,False,3,False,False,False
T002158,C00316,32.42,groceries,15,standard,False,3,False,False,False
T002159,C00686,44.67,cash,2,high,False,0,False,False,False
T002160,C00018,82.52,electronics,18,standard,False,3,False,False,False
T002161,C00340,120.02,groceries,14,standard,True,2,False,False,False
T002162,C00644,31.66,travel,3,standard,False,2,False,False,False
T002163,C00604,54.48,cash,13,standard,False,4,False,True,False
T002164,C00678,575.48,travel,9,standard,False,1,False,False,False
T002165,C00618,58.5,groceries,13,standard,False,2,False,False,False
T002166,C00350,108.79,groceries,17,standard,False,3,False,True,False
T002167,C00328,33.77,cash,19,standard,False,2,False,False,False
T002168,C00481,830.75,electronics,4,standard,False,3,False,False,False
T002169,C00719,32.53,utilities,15,standard,False,2,False,False,False
T002170,C00596,56.01,travel,20,standard,False,3,False,False,False
T002171,C00717,49.91,utilities,13,standard,False,3,False,False,False
T002172,C00001,51.04,electronics,0,standard,False,3,False,False,False
T002173,C00368,166.95,utilities,19,high,True,2,False,False,True
T002174,C00247,49.21,groceries,18,standard,True,0,False,False,False
T002175,C00198,133.35,groceries,13,standard,False,3,False,False,False
T002176,C00655,552.94,crypto,2,high,False,2,False,False,False
T002177,C00662,19.94,electronics,8,standard,False,1,False,False,False
T002178,C00159,39.87,groceries,9,standard,False,3,False,False,False
T002179,C00093,22.18,groceries,2,high,False,1,False,False,False
T002180,C00700,67.43,travel,5,standard,False,4,False,False,False
T002181,C00614,35.87,electronics,14,standard,True,1,False,False,True
T002182,C00213,112.94,travel,4,standard,False,1,False,False,False
T002183,C00727,1.65,travel,10,standard,False,3,False,False,False
T002184,C00494,177.55,utilities,15,standard,False,1,False,True,False
T002185,C00512,29.7,crypto,2,high,False,3,False,False,False
T002186,C00088,80.16,crypto,21,high,False,1,False,False,False
T002187,C00188,6.29,cash,22,standard,False,4,False,False,False
T002188,C00639,224.67,electronics,19,standard,False,3,False,False,False
T002189,C00610,6.16,travel,1,standard,False,1,False,False,False
T002190,C00188,13.61,electronics,8,standard,False,2,False,False,False
T002191,C00239,72.49,groceries,20,standard,False,2,False,False,False
T002192,C00632,18.47,travel,5,standard,True,2,False,False,False
T002193,C00361,24.79,electronics,11,high,False,3,False,False,False
T002194,C00221,540.11,travel,3,high,False,1,False,False,False
T002195,C00249,91.15,crypto,14,standard,False,3,False,False,False
T002196,C00335,35.75,travel,17,standard,False,0,False,False,False
T002197,C00650,29.11,travel,3,standard,False,7,False,False,True
T002198,C00210,123.33,utilities,10,standard,False,4,False,False,False
T002199,C00323,122.75,crypto,3,standard,False,2,False,False,False
T002200,C00507,37.74,crypto,10,standard,True,1,False,False,False
T002201,C00273,6.07,crypto,18,standard,False,1,False,False,False
T002202,C00575,24.91,cash,10,standard,False,5,False,False,False
T002203,C00416,3.36,crypto,0,standard,False,2,False,False,False
T002204,C00319,16.21,electronics,16,standard,False,2,False,True,False
T002205,C00352,95.96,travel,22,standard,False,2,False,False,False
T002206,C00093,244.24,utilities,6,standard,True,2,False,False,False
T002207,C00353,210.67,utilities,3,high,False,1,False,False,True
T002208,C00673,97.72,groceries,14,high,False,1,False,False,False
T002209,C00695,153.95,utilities,8,standard,False,2,False,False,False
T002210,C00398,10.17,electronics,6,standard,False,4,False,False,False
T002211,C00055,103.75,cash,18,high,False,0,False,False,False
T002212,C00067,7.5,cash,21,standard,False,0,False,False,False
T002213,C00605,17.53,groceries,14,standard,False,1,False,False,False
T002214,C00537,66.64,crypto,7,high,False,0,False,False,False
T002215,C00745,575.04,travel,12,standard,False,2,False,True,False
T002216,C00705,30.01,electronics,0,high,False,1,False,False,False
T002217,C00311,20.49,electronics,2,standard,False,2,False,False,False
T002218,C00034,110.01,cash,21,standard,False,1,False,False,False
T002219,C00543,134.07,groceries,10,high,False,1,False,False,False
T002220,C00370,16.36,groceries,18,standard,False,2,False,False,False
T002221,C00231,70.81,cash,7,high,False,5,False,False,False
T002222,C00451,26.07,travel,5,standard,False,1,False,False,False
T002223,C00119,131.86,cash,0,standard,False,3,False,False,False
T002224,C00740,95.45,crypto,7,standard,False,2,False,False,False
T002225,C00649,70.47,cash,23,standard,False,0,False,False,False
T002226,C00226,54.07,groceries,3,standard,False,1,False,False,False
T002227,C00179,99.22,electronics,22,standard,False,3,False,False,False
T002228,C00295,24.04,groceries,22,high,False,2,False,False,False
T002229,C00093,407.33,crypto,21,standard,False,3,False,False,False
T002230,C00180,634.11,crypto,7,standard,False,1,False,False,False
T002231,C00069,174.04,electronics,7,standard,False,1,False,True,False
T002232,C00258,20.92,electronics,21,standard,False,1,False,False,False
T002233,C00145,472.46,travel,8,standard,False,2,False,False,False
T002234,C00093,14.6,electronics,9,standard,False,1,False,False,False
T002235,C00440,156.08,utilities,8,standard,False,2,False,True,False
T002236,C00568,166.45,travel,8,standard,False,2,False,False,False
T002237,C00532,92.02,travel,13,high,False,3,False,False,False
T002238,C00432,214.73,groceries,14,high,False,2,False,False,False
T002239,C00317,376.0,crypto,6,high,False,2,False,False,False
T002240,C00555,19.35,electronics,15,standard,False,3,False,False,False
T002241,C00315,256.31,travel,12,standard,False,3,False,False,False
T002242,C00058,33.37,crypto,11,standard,False,3,False,True,False
T002243,C00446,71.58,crypto,1,high,True,1,False,True,True
T002244,C00497,22.44,travel,20,standard,False,3,False,False,False
T002245,C00604,48.0,groceries,23,standard,False,5,False,False,False
T002246,C00094,73.71,cash,21,standard,False,1,False,False,False
T002247,C00298,43.46,groceries,18,standard,False,0,False,False,False
T002248,C00000,88.18,groceries,17,standard,False,2,False,False,False
T002249,C00143,50.69,crypto,16,standard,False,2,False,False,False
T002250,C00137,50.86,groceries,13,standard,True,1,False,False,False
T002251,C00431,57.51,cash,22,standard,False,6,False,False,False
T002252,C00700,39.79,cash,4,high,False,0,False,False,False
T002253,C00127,360.75,electronics,10,standard,False,2,False,False,False
T002254,C00358,19.01,electronics,20,standard,False,4,False,False,False
T002255,C00240,452.63,cash,17,standard,False,0,False,False,False
T002256,C00215,48.01,utilities,0,standard,False,3,False,False,False
T002257,C00191,17.58,crypto,3,standard,False,4,False,False,False
T002258,C00375,13.58,electronics,23,standard,False,3,False,False,False
T002259,C00652,38.79,utilities,23,standard,False,5,False,False,False
T002260,C00369,61.57,groceries,1,standard,True,2,False,False,True
T002261,C00066,102.89,travel,20,standard,False,2,False,False,False
T002262,C00118,496.19,crypto,8,standard,False,2,False,False,False
T002263,C00151,16.59,groceries,22,standard,False,3,False,False,False
T002264,C00296,154.66,crypto,10,standard,False,7,False,False,False
T002265,C00136,166.82,utilities,8,standard,False,2,False,False,False
T002266,C00341,24.38,crypto,5,standard,False,4,False,False,False
T002267,C00083,120.38,travel,8,high,False,6,False,False,False
T002268,C00277,401.85,utilities,12,standard,False,2,False,True,False
T002269,C00577,268.88,groceries,5,standard,False,0,False,False,False
T002270,C00429,35.13,electronics,21,standard,False,4,False,False,False
T002271,C00161,347.63,travel,21,standard,False,2,False,False,False
T002272,C00163,87.79,electronics,11,standard,False,2,False,False,False
T002273,C00632,59.98,crypto,3,standard,False,1,False,False,False
T002274,C00414,47.61,travel,23,standard,False,2,False,False,False
T002275,C00264,176.24,travel,0,standard,True,2,False,False,False
T002276,C00693,73.11,electronics,19,standard,False,1,False,False,False
T002277,C00355,135.69,utilities,1,standard,True,3,False,False,False
T002278,C00154,52.65,travel,13,standard,False,5,False,False,False
T002279,C00118,65.65,cash,15,standard,False,4,False,False,False
T002280,C00195,112.43,cash,3,standard,False,3,False,False,False
T002281,C00156,108.19,crypto,21,standard,False,2,False,False,False
T002282,C00503,49.8,utilities,22,standard,False,2,False,False,False
T002283,C00235,73.37,cash,9,standard,False,2,False,False,False
T002284,C00160,46.99,groceries,23,standard,False,3,False,False,False
T002285,C00507,81.21,utilities,1,standard,False,5,False,False,False
T002286,C00567,15.87,groceries,19,high,False,1,False,False,False
T002287,C00295,37.33,crypto,9,standard,False,3,False,False,False
T002288,C00021,239.96,groceries,10,standard,False,3,False,False,False
T002289,C00448,93.92,travel,11,standard,False,3,False,False,False
T002290,C00543,71.97,travel,21,standard,False,2,False,False,True
T002291,C00147,19.56,groceries,18,standard,False,3,False,False,False
T002292,C00650,83.2,cash,1,high,False,0,False,False,False
T002293,C00034,54.84,travel,17,standard,False,1,False,False,False
T002294,C00403,40.24,groceries,0,standard,False,2,False,False,False
T002295,C00200,365.97,crypto,12,standard,False,4,False,False,False
T002296,C00690,9.31,travel,20,standard,False,3,False,False,False
T002297,C00204,85.44,travel,16,standard,False,1,False,False,False
T002298,C00690,238.33,travel,7,standard,False,1,False,False,False
T002299,C00112,238.02,crypto,9,standard,False,4,False,False,False
T002300,C00491,135.55,utilities,17,standard,False,2,False,False,False
T002301,C00430,91.99,cash,2,standard,False,0,False,False,False
T002302,C00192,59.55,cash,0,standard,False,0,False,False,False
T002303,C00734,104.49,groceries,16,high,True,0,False,False,False
T002304,C00038,73.96,crypto,14,standard,False,1,False,False,False
T002305,C00689,68.5,electronics,13,high,False,2,False,True,False
T002306,C00168,78.39,cash,13,standard,False,0,False,False,False
T002307,C00693,249.04,crypto,7,standard,False,1,False,False,False
T002308,C00143,73.15,groceries,7,high,False,3,False,False,False
T002309,C00137,33.9,electronics,21,standard,False,2,False,False,False
T002310,C00448,21.55,crypto,1,standard,False,1,False,False,False
T002311,C00443,95.01,cash,2,standard,False,1,False,False,False
T002312,C00446,9.02,travel,14,standard,False,3,False,False,False
T002313,C00433,242.04,electronics,0,high,False,4,False,False,False
T002314,C00154,28.65,crypto,21,high,False,2,False,False,False
T002315,C00579,114.92,groceries,7,standard,False,1,False,False,False
T002316,C00396,329.45,travel,4,high,False,6,False,False,False
T002317,C00302,150.63,groceries,2,standard,True,0,False,False,False
T002318,C00537,371.52,travel,9,standard,False,0,False,False,False
T002319,C00336,1079.51,groceries,21,standard,False,5,False,False,False
T002320,C00059,191.53,crypto,8,standard,False,4,False,False,False
T002321,C00694,20.63,cash,22,standard,False,1,False,False,False
T002322,C00289,386.26,utilities,5,standard,False,4,False,False,False
T002323,C00112,120.73,groceries,22,standard,False,2,False,False,False
T002324,C00704,284.12,cash,11,standard,True,2,False,False,False
T002325,C00218,250.29,groceries,12,high,False,4,False,False,False
T002326,C00544,22.71,cash,5,high,False,2,False,False,False
T002327,C00312,302.37,travel,3,standard,False,1,False,False,False
T002328,C00172,26.3,electronics,0,high,False,6,False,False,False
T002329,C00061,53.08,crypto,19,standard,True,6,False,False,True
T002330,C00227,14.08,electronics,1,standard,False,2,False,False,False
T002331,C00273,354.29,groceries,18,standard,False,1,False,False,False
T002332,C00342,54.7,travel,0,standard,False,2,False,False,False
T002333,C00187,104.35,groceries,14,standard,False,6,False,False,False
T002334,C00312,8.63,travel,12,standard,False,2,False,False,False
T002335,C00507,26.03,cash,7,standard,False,1,False,False,False
T002336,C00206,151.36,utilities,19,standard,False,3,False,False,False
T002337,C00689,269.21,utilities,12,standard,False,2,False,False,False
T002338,C00534,60.05,travel,15,standard,False,2,False,False,False
T002339,C00066,25.21,cash,20,standard,False,2,False,False,False
T002340,C00519,55.18,groceries,20,standard,False,4,False,False,False
T002341,C00451,73.19,electronics,10,standard,True,3,False,False,False
T002342,C00056,95.71,travel,11,standard,False,2,False,False,False
T002343,C00590,58.93,crypto,11,standard,False,1,False,False,False
T002344,C00448,285.01,crypto,13,standard,False,1,False,False,False
T002345,C00707,27.36,groceries,19,standard,False,7,False,False,False
T002346,C00292,123.47,cash,18,high,False,3,False,False,False
T002347,C00156,97.37,travel,11,standard,False,2,False,False,False
T002348,C00079,195.11,utilities,18,standard,False,1,False,True,False
T002349,C00678,15.14,crypto,0,standard,False,3,False,False,False
T002350,C00336,53.7,utilities,9,standard,False,2,False,False,False
T002351,C00022,96.95,utilities,12,high,False,2,False,False,False
T002352,C00587,186.2,utilities,16,standard,False,0,False,False,False
T002353,C00067,83.11,groceries,18,standard,False,3,False,False,False
T002354,C00280,184.27,cash,14,standard,True,2,False,False,False
T002355,C00018,67.17,cash,7,standard,False,2,False,False,False
T002356,C00274,46.08,crypto,18,standard,False,1,False,False,False
T002357,C00347,16.36,crypto,19,standard,False,6,False,False,False
T002358,C00378,208.27,crypto,14,standard,False,5,False,False,False
T002359,C00719,2553.12,electronics,22,standard,True,2,False,False,True
T002360,C00501,11.96,crypto,18,high,False,4,False,False,False
T002361,C00298,44.45,cash,21,standard,False,1,False,False,False
T002362,C00527,24.63,travel,14,standard,False,3,False,False,False
T002363,C00376,90.31,electronics,5,standard,False,0,False,False,False
T002364,C00692,615.79,utilities,8,standard,True,0,False,False,False
T002365,C00597,46.65,travel,6,standard,False,3,False,False,False
T002366,C00518,274.4,cash,20,standard,False,1,False,False,False
T002367,C00101,79.35,utilities,5,standard,False,2,False,False,False
T002368,C00125,22.35,utilities,5,standard,False,1,False,False,False
T002369,C00726,24.26,electronics,8,standard,True,2,False,False,True
T002370,C00372,226.48,crypto,11,standard,False,1,False,False,False
T002371,C00036,51.19,travel,7,standard,False,6,False,False,False
T002372,C00635,351.73,groceries,22,standard,False,3,False,False,False
T002373,C00111,115.15,utilities,23,standard,False,4,False,False,True
T002374,C00061,107.4,groceries,6,standard,False,3,False,False,False
T002375,C00636,20.23,crypto,15,standard,False,1,False,False,False
T002376,C00204,48.07,travel,15,standard,False,2,False,False,False
T002377,C00248,9.38,cash,16,standard,False,1,False,False,False
T002378,C00066,126.64,crypto,4,standard,False,4,False,False,False
T002379,C00244,61.06,travel,15,standard,False,2,False,False,False
T002380,C00385,352.39,utilities,18,standard,False,0,False,False,False
T002381,C00241,36.94,crypto,20,standard,False,1,False,False,False
T002382,C00476,95.83,groceries,16,high,False,4,False,False,False
T002383,C00742,41.53,cash,9,standard,False,2,False,False,False
T002384,C00606,199.83,utilities,20,standard,False,2,False,False,False
T002385,C00026,19.18,utilities,9,standard,False,4,False,False,False
T002386,C00565,75.44,groceries,23,high,False,1,False,False,False
T002387,C00239,44.37,crypto,4,standard,False,5,False,False,False
T002388,C00525,6.28,crypto,14,high,False,1,False,False,False
T002389,C00491,26.32,electronics,11,standard,False,3,False,True,False
T002390,C00657,304.76,cash,19,standard,True,1,False,False,False
T002391,C00538,233.56,travel,16,standard,False,2,False,False,False
T002392,C00302,61.78,crypto,7,standard,False,3,False,False,False
T002393,C00612,378.19,utilities,23,high,False,2,False,False,False
T002394,C00331,118.71,electronics,15,standard,False,1,False,False,False
T002395,C00205,160.47,groceries,21,standard,False,2,False,False,False
T002396,C00488,72.69,utilities,3,standard,False,2,False,False,False
T002397,C00186,30.32,utilities,15,high,False,1,False,False,False
T002398,C00579,64.76,travel,7,standard,False,0,False,False,False
T002399,C00323,336.34,travel,0,standard,False,0,False,False,False
T002400,C00737,53.68,utilities,13,standard,False,3,False,False,False
T002401,C00196,3.8,cash,5,standard,True,1,False,False,False
T002402,C00513,105.96,travel,2,standard,False,2,False,False,False
T002403,C00077,40.4,groceries,7,high,False,1,False,False,False
T002404,C00033,4.09,travel,9,standard,False,3,False,False,False
T002405,C00090,51.45,electronics,15,standard,False,2,False,False,False
T002406,C00661,51.0,cash,17,standard,False,2,False,False,False
T002407,C00385,65.56,cash,3,standard,False,2,False,False,False
T002408,C00249,120.43,groceries,9,standard,False,1,False,False,False
T002409,C00726,49.7,electronics,0,standard,False,3,False,False,False
T002410,C00314,77.89,electronics,21,standard,True,4,False,False,False
T002411,C00171,26.64,groceries,22,standard,False,0,False,False,True
T002412,C00460,19.65,electronics,9,standard,False,1,False,False,False
T002413,C00002,73.01,groceries,3,standard,False,0,False,False,False
T002414,C00692,39.76,cash,5,standard,False,2,False,False,False
T002415,C00078,35.95,crypto,13,standard,False,0,False,False,False
T002416,C00572,25.85,groceries,4,standard,True,5,False,False,True
T002417,C00441,68.72,cash,21,standard,False,2,False,False,False
T002418,C00308,14.22,utilities,15,standard,True,3,False,True,True
T002419,C00205,30.74,cash,15,standard,True,0,False,True,True
T002420,C00120,25.92,groceries,20,standard,False,0,False,False,False
T002421,C00592,357.68,groceries,8,standard,False,1,False,False,False
T002422,C00483,113.7,cash,5,high,False,2,False,False,False
T002423,C00658,79.63,electronics,23,standard,False,1,False,False,False
T002424,C00683,476.34,crypto,19,standard,False,3,False,False,False
T002425,C00005,14.24,groceries,8,standard,False,5,False,False,False
T002426,C00675,108.21,groceries,16,standard,False,4,False,False,False
T002427,C00451,250.74,electronics,13,standard,False,2,False,False,False
T002428,C00387,58.8,cash,22,high,False,0,False,False,False
T002429,C00183,44.02,crypto,9,standard,False,1,False,False,False
T002430,C00320,44.53,utilities,20,standard,False,3,False,False,False
T002431,C00058,99.14,crypto,2,standard,False,3,False,False,False
T002432,C00437,90.67,utilities,1,standard,False,1,False,False,False
T002433,C00290,45.31,cash,11,standard,False,3,False,False,False
T002434,C00628,252.38,electronics,21,standard,True,5,False,False,True
T002435,C00022,265.31,utilities,21,standard,False,1,False,False,False
T002436,C00160,148.49,groceries,13,high,False,2,False,False,False
T002437,C00409,9.9,groceries,16,standard,False,2,False,False,False
T002438,C00536,77.51,cash,2,high,False,3,False,False,False
T002439,C00429,59.07,cash,10,standard,False,2,False,False,False
T002440,C00447,19.03,crypto,11,standard,False,2,False,False,False
T002441,C00151,114.59,utilities,20,standard,False,3,False,False,False
T002442,C00406,20.54,electronics,6,standard,False,2,False,False,False
T002443,C00143,171.55,utilities,23,standard,False,1,False,False,False
T002444,C00480,200.38,cash,9,standard,False,4,False,False,False
T002445,C00063,63.02,travel,22,standard,False,4,False,False,False
T002446,C00688,416.28,cash,16,standard,False,2,False,False,False
T002447,C00698,18.45,crypto,12,standard,False,6,False,False,False
T002448,C00583,436.04,cash,16,standard,False,1,False,False,False
T002449,C00320,92.94,travel,15,high,False,2,False,True,False
T002450,C00115,58.73,utilities,19,standard,False,1,False,False,False
T002451,C00156,57.3,groceries,11,standard,False,4,False,False,False
T002452,C00470,421.3,electronics,7,standard,False,3,False,False,False
T002453,C00081,77.92,crypto,12,standard,False,3,False,False,False
T002454,C00549,51.35,crypto,16,high,False,2,False,False,False
T002455,C00340,909.3,travel,23,standard,False,3,False,False,False
T002456,C00332,87.19,utilities,11,standard,False,3,False,False,False
T002457,C00693,893.34,crypto,4,standard,False,2,False,False,False
T002458,C00199,61.53,groceries,2,high,False,1,False,False,False
T002459,C00557,129.53,electronics,13,standard,False,2,False,False,False
T002460,C00429,25.6,travel,17,standard,False,3,False,False,False
T002461,C00369,30.77,groceries,12,standard,False,3,False,False,False
T002462,C00648,61.7,utilities,5,standard,False,0,False,False,False
T002463,C00203,12.87,electronics,11,standard,False,1,False,False,False
T002464,C00369,39.38,groceries,1,high,False,1,False,False,False
T002465,C00357,24.31,utilities,9,standard,False,0,False,False,False
T002466,C00131,41.38,groceries,20,high,False,4,False,False,False
T002467,C00111,221.44,groceries,17,standard,False,2,False,True,False
T002468,C00231,55.97,utilities,16,high,True,2,False,False,False
T002469,C00601,47.88,utilities,14,standard,False,3,False,False,False
T002470,C00329,25.46,travel,11,standard,False,2,False,False,False
T002471,C00636,118.64,cash,3,standard,False,2,False,False,False
T002472,C00330,91.96,cash,3,high,False,5,False,False,False
T002473,C00363,353.82,utilities,0,standard,False,3,False,False,False
T002474,C00119,116.03,electronics,3,standard,False,0,False,False,False
T002475,C00018,195.28,crypto,19,standard,False,3,False,False,False
T002476,C00072,100.05,travel,17,standard,False,4,False,False,False
T002477,C00176,387.53,travel,16,standard,False,5,False,False,False
T002478,C00492,15.29,electronics,15,standard,False,1,False,False,False
T002479,C00340,113.85,groceries,1,high,False,5,False,False,False
T002480,C00181,24.77,cash,9,standard,True,2,False,False,False
T002481,C00550,13.23,electronics,3,standard,False,3,False,False,False
T002482,C00330,61.59,cash,17,standard,False,0,False,False,False
T002483,C00037,24.15,groceries,18,standard,False,2,False,False,False
T002484,C00358,176.97,cash,7,high,False,3,False,False,False
T002485,C00046,89.59,groceries,20,standard,False,1,False,False,False
T002486,C00697,30.81,travel,14,standard,False,1,False,False,False
T002487,C00296,31.43,groceries,11,standard,False,3,False,False,False
T002488,C00644,159.99,travel,7,high,False,1,False,True,False
T002489,C00375,82.26,travel,11,standard,False,2,False,False,False
T002490,C00571,280.81,crypto,5,standard,False,4,False,True,False
T002491,C00454,33.71,utilities,22,standard,False,4,False,False,False
T002492,C00371,904.69,utilities,10,high,False,4,False,False,False
T002493,C00281,33.84,cash,20,standard,False,1,False,False,False
T002494,C00742,6.66,electronics,2,high,False,3,False,False,False
T002495,C00373,83.58,crypto,5,standard,False,2,False,False,False
T002496,C00607,453.11,crypto,0,standard,False,2,False,False,True
T002497,C00449,32.49,travel,4,standard,False,2,False,False,False
T002498,C00323,16.67,travel,13,standard,False,1,False,False,False
T002499,C00633,5.93,groceries,21,standard,False,3,False,False,False
